--
-- PostgreSQL database dump
--

-- Dumped from database version 17.1 (Ubuntu 17.1-1.pgdg22.04+1)
-- Dumped by pg_dump version 17.1 (Ubuntu 17.1-1.pgdg22.04+1)

SET statement_timeout = 0;
SET lock_timeout = 0;
SET idle_in_transaction_session_timeout = 0;
SET transaction_timeout = 0;
SET client_encoding = 'UTF8';
SET standard_conforming_strings = on;
SELECT pg_catalog.set_config('search_path', '', false);
SET check_function_bodies = false;
SET xmloption = content;
SET client_min_messages = warning;
SET row_security = off;

SET default_tablespace = '';

SET default_table_access_method = heap;

--
-- Name: categories; Type: TABLE; Schema: public; Owner: postgres
--

CREATE TABLE public.categories (
    rowid integer NOT NULL,
    id character varying(64),
    description text NOT NULL
);


ALTER TABLE public.categories OWNER TO postgres;

--
-- Name: categories_rowid_seq; Type: SEQUENCE; Schema: public; Owner: postgres
--

CREATE SEQUENCE public.categories_rowid_seq
    AS integer
    START WITH 1
    INCREMENT BY 1
    NO MINVALUE
    NO MAXVALUE
    CACHE 1;


ALTER SEQUENCE public.categories_rowid_seq OWNER TO postgres;

--
-- Name: categories_rowid_seq; Type: SEQUENCE OWNED BY; Schema: public; Owner: postgres
--

ALTER SEQUENCE public.categories_rowid_seq OWNED BY public.categories.rowid;


--
-- Name: days; Type: TABLE; Schema: public; Owner: postgres
--

CREATE TABLE public.days (
    rowid integer NOT NULL,
    id character(3),
    description text NOT NULL,
    dayofweek integer
);


ALTER TABLE public.days OWNER TO postgres;

--
-- Name: days_rowid_seq; Type: SEQUENCE; Schema: public; Owner: postgres
--

CREATE SEQUENCE public.days_rowid_seq
    AS integer
    START WITH 1
    INCREMENT BY 1
    NO MINVALUE
    NO MAXVALUE
    CACHE 1;


ALTER SEQUENCE public.days_rowid_seq OWNER TO postgres;

--
-- Name: days_rowid_seq; Type: SEQUENCE OWNED BY; Schema: public; Owner: postgres
--

ALTER SEQUENCE public.days_rowid_seq OWNED BY public.days.rowid;


--
-- Name: hours; Type: TABLE; Schema: public; Owner: postgres
--

CREATE TABLE public.hours (
    rowid integer NOT NULL,
    id character(2),
    description text NOT NULL
);


ALTER TABLE public.hours OWNER TO postgres;

--
-- Name: hours_rowid_seq; Type: SEQUENCE; Schema: public; Owner: postgres
--

CREATE SEQUENCE public.hours_rowid_seq
    AS integer
    START WITH 1
    INCREMENT BY 1
    NO MINVALUE
    NO MAXVALUE
    CACHE 1;


ALTER SEQUENCE public.hours_rowid_seq OWNER TO postgres;

--
-- Name: hours_rowid_seq; Type: SEQUENCE OWNED BY; Schema: public; Owner: postgres
--

ALTER SEQUENCE public.hours_rowid_seq OWNED BY public.hours.rowid;


--
-- Name: inventory; Type: TABLE; Schema: public; Owner: postgres
--

CREATE TABLE public.inventory (
    rowid integer NOT NULL,
    category character varying(64) NOT NULL,
    artist text NOT NULL,
    song text NOT NULL,
    album text NOT NULL,
    songlength integer,
    rndorder text,
    startson text,
    expireson text,
    adstimeslots text[],
    adsdayslots text[],
    adsmaxspins integer,
    adsmaxspinsperhour integer,
    lastplayed text,
    dateadded text,
    spinstoday integer,
    spinsweek integer,
    spinstotal integer,
    sourcelink text
);


ALTER TABLE public.inventory OWNER TO postgres;

--
-- Name: inventory_rowid_seq; Type: SEQUENCE; Schema: public; Owner: postgres
--

CREATE SEQUENCE public.inventory_rowid_seq
    AS integer
    START WITH 1
    INCREMENT BY 1
    NO MINVALUE
    NO MAXVALUE
    CACHE 1;


ALTER SEQUENCE public.inventory_rowid_seq OWNER TO postgres;

--
-- Name: inventory_rowid_seq; Type: SEQUENCE OWNED BY; Schema: public; Owner: postgres
--

ALTER SEQUENCE public.inventory_rowid_seq OWNED BY public.inventory.rowid;


--
-- Name: schedule; Type: TABLE; Schema: public; Owner: postgres
--

CREATE TABLE public.schedule (
    rowid integer NOT NULL,
    days character varying(3),
    hours character(2),
    "position" character(2),
    categories character varying(64),
    spinstoplay integer
);


ALTER TABLE public.schedule OWNER TO postgres;

--
-- Name: schedule_rowid_seq; Type: SEQUENCE; Schema: public; Owner: postgres
--

CREATE SEQUENCE public.schedule_rowid_seq
    AS integer
    START WITH 1
    INCREMENT BY 1
    NO MINVALUE
    NO MAXVALUE
    CACHE 1;


ALTER SEQUENCE public.schedule_rowid_seq OWNER TO postgres;

--
-- Name: schedule_rowid_seq; Type: SEQUENCE OWNED BY; Schema: public; Owner: postgres
--

ALTER SEQUENCE public.schedule_rowid_seq OWNED BY public.schedule.rowid;


--
-- Name: traffic; Type: TABLE; Schema: public; Owner: postgres
--

CREATE TABLE public.traffic (
    rowid integer NOT NULL,
    artist text NOT NULL,
    song text NOT NULL,
    album text,
    playedon text
);


ALTER TABLE public.traffic OWNER TO postgres;

--
-- Name: traffic_rowid_seq; Type: SEQUENCE; Schema: public; Owner: postgres
--

CREATE SEQUENCE public.traffic_rowid_seq
    AS integer
    START WITH 1
    INCREMENT BY 1
    NO MINVALUE
    NO MAXVALUE
    CACHE 1;


ALTER SEQUENCE public.traffic_rowid_seq OWNER TO postgres;

--
-- Name: traffic_rowid_seq; Type: SEQUENCE OWNED BY; Schema: public; Owner: postgres
--

ALTER SEQUENCE public.traffic_rowid_seq OWNED BY public.traffic.rowid;


--
-- Name: categories rowid; Type: DEFAULT; Schema: public; Owner: postgres
--

ALTER TABLE ONLY public.categories ALTER COLUMN rowid SET DEFAULT nextval('public.categories_rowid_seq'::regclass);


--
-- Name: days rowid; Type: DEFAULT; Schema: public; Owner: postgres
--

ALTER TABLE ONLY public.days ALTER COLUMN rowid SET DEFAULT nextval('public.days_rowid_seq'::regclass);


--
-- Name: hours rowid; Type: DEFAULT; Schema: public; Owner: postgres
--

ALTER TABLE ONLY public.hours ALTER COLUMN rowid SET DEFAULT nextval('public.hours_rowid_seq'::regclass);


--
-- Name: inventory rowid; Type: DEFAULT; Schema: public; Owner: postgres
--

ALTER TABLE ONLY public.inventory ALTER COLUMN rowid SET DEFAULT nextval('public.inventory_rowid_seq'::regclass);


--
-- Name: schedule rowid; Type: DEFAULT; Schema: public; Owner: postgres
--

ALTER TABLE ONLY public.schedule ALTER COLUMN rowid SET DEFAULT nextval('public.schedule_rowid_seq'::regclass);


--
-- Name: traffic rowid; Type: DEFAULT; Schema: public; Owner: postgres
--

ALTER TABLE ONLY public.traffic ALTER COLUMN rowid SET DEFAULT nextval('public.traffic_rowid_seq'::regclass);


--
-- Data for Name: categories; Type: TABLE DATA; Schema: public; Owner: postgres
--

COPY public.categories (rowid, id, description) FROM stdin;
1	STATIONID	Station ID
2	IMAGINGID	Imaging ID
3	PROMOS	Promotions
4	NEXT	Play Next
5	ADS	ADS - Advertising Top Of Hour
6	CURRENTS	Top 40 Currants
7	RECURRENTS	Recurrants Library
8	NWS-1-PLAYONCE	NWS Spots 6 30 Bot AM Play Once
9	NWS-2-PLAYONCE	NWS Spots 7 00 Bot AM Play Once
10	NWS-3-PLAYONCE	NWS Spots 7 30 Bot AM Play Once
11	NWS-4-PLAYONCE	NWS Spots 8 00 Bot AM Play Once
12	NWS-5-PLAYONCE	NWS Spots 8 30 Bot AM Play Once
13	DJAM-71-PLAYONCE	DJ Morning Spots 7 Top AM Play Once
14	DJAM-72-PLAYONCE	DJ Morning Spots 7 Bot AM Play Once
15	DJAM-81-PLAYONCE	DJ Morning Spots 8 Top AM Play Once
16	DJAM-82-PLAYONCE	DJ Morning Spots 8 Bot AM Play Once
17	DJAM-91-PLAYONCE	DJ Morning Spots 9 TopAM Play Once
18	DJAM-92-PLAYONCE	DJ Morning Spots 9 Bot AM Play Once
19	DJAM-101-PLAYONCE	DJ Morning Spots 10 Top AM Play Once
20	DJAM-102-PLAYONCE	DJ Morning Spots 10 Bot AM Play Once
21	DJAM-111-PLAYONCE	DJ Morning Spots 11 Top AM Play Once
22	DJAM-112-PLAYONCE	DJ Morning Spots 11 Bot AM Play Once
23	DJPM-121-PLAYONCE	DJ Afternoon Spots 12 Top AM Play Once
24	DJPM-122-PLAYONCE	DJ Afternoon Spots 12 Bot AM Play Once
25	DJPM-131-PLAYONCE	DJ Afternoon Spots 13 Top PM Play Once
26	DJPM-132-PLAYONCE	DJ Afternoon Spots 13 Bot PM Play Once
27	DJPM-141-PLAYONCE	DJ Afternoon Spots 14 Top PM Play Once
28	DJPM-142-PLAYONCE	DJ Afternoon Spots 14 Bot PM Play Once
29	DJPM-151-PLAYONCE	DJ Afternoon Spots 15 Top PM Play Once
30	DJPM-152-PLAYONCE	DJ Afternoon Spots 15 Bot PM Play Once
31	DJPM-161-PLAYONCE	DJ Afternoon Spots 16 Top PM Play Once
32	DJPM-162-PLAYONCE	DJ Afternoon Spots 16 Bot PM Play Once
33	DJPM-141-PLAYONCE	DJ Afternoon Spots 17 Top PM Play Once
34	DJPM-172-PLAYONCE	DJ Afternoon Spots 17 Bot PM Play Once
35	DJPM-181-PLAYONCE	DJ Afternoon Spots 18 Top PM Play Once
36	DJPM-182-PLAYONCE	DJ Afternoon Spots 18 Bot PM Play Once
37	FILLTOTOH	Fill To TOH Schedule
38	NWS	News Weather Sports
\.


--
-- Data for Name: days; Type: TABLE DATA; Schema: public; Owner: postgres
--

COPY public.days (rowid, id, description, dayofweek) FROM stdin;
1	MON	Monday	1
2	TUE	Tuesday	2
3	WED	Wednesday	3
4	THU	Thursday	4
5	FRI	Friday	5
6	SAT	Saturday	6
7	SUN	Sunday	7
\.


--
-- Data for Name: hours; Type: TABLE DATA; Schema: public; Owner: postgres
--

COPY public.hours (rowid, id, description) FROM stdin;
1	00	Hour Part 00
2	01	Hour Part 01
3	02	Hour Part 02
4	03	Hour Part 03
5	04	Hour Part 04
6	05	Hour Part 05
7	06	Hour Part 06
8	07	Hour Part 07
9	08	Hour Part 08
10	09	Hour Part 09
11	10	Hour Part 10
12	11	Hour Part 11
13	12	Hour Part 12
14	13	Hour Part 13
15	14	Hour Part 14
16	15	Hour Part 15
17	16	Hour Part 16
18	17	Hour Part 17
19	18	Hour Part 18
20	19	Hour Part 19
21	20	Hour Part 20
22	21	Hour Part 21
23	22	Hour Part 22
24	23	Hour Part 23
\.


--
-- Data for Name: inventory; Type: TABLE DATA; Schema: public; Owner: postgres
--

COPY public.inventory (rowid, category, artist, song, album, songlength, rndorder, startson, expireson, adstimeslots, adsdayslots, adsmaxspins, adsmaxspinsperhour, lastplayed, dateadded, spinstoday, spinsweek, spinstotal, sourcelink) FROM stdin;
\.


--
-- Data for Name: schedule; Type: TABLE DATA; Schema: public; Owner: postgres
--

COPY public.schedule (rowid, days, hours, "position", categories, spinstoplay) FROM stdin;
1	MON	00	01	STATIONID	1
2	MON	00	02	PROMOS	1
3	MON	00	03	ADS	2
4	MON	00	04	CURRENTS	1
5	MON	00	05	RECURRENTS	1
6	MON	00	06	CURRENTS	1
7	MON	00	07	IMAGINGID	1
8	MON	00	08	RECURRENTS	4
9	MON	00	09	IMAGINGID	1
10	MON	00	10	CURRENTS	1
11	MON	00	11	RECURRENTS	1
12	MON	00	12	CURRENTS	1
13	MON	00	13	ADS	2
14	MON	00	14	RECURRENTS	3
15	MON	00	15	IMAGINGID	1
16	MON	00	16	FILLTOTOH	1
17	MON	01	01	STATIONID	1
18	MON	01	02	PROMOS	1
19	MON	01	03	ADS	2
20	MON	01	04	CURRENTS	1
21	MON	01	05	RECURRENTS	1
22	MON	01	06	CURRENTS	1
23	MON	01	07	IMAGINGID	1
24	MON	01	08	RECURRENTS	4
25	MON	01	09	IMAGINGID	1
26	MON	01	10	CURRENTS	1
27	MON	01	11	RECURRENTS	1
28	MON	01	12	CURRENTS	1
29	MON	01	13	ADS	2
30	MON	01	14	RECURRENTS	3
31	MON	01	15	IMAGINGID	1
32	MON	01	16	FILLTOTOH	1
33	MON	02	01	STATIONID	1
34	MON	02	02	PROMOS	1
35	MON	02	03	ADS	2
36	MON	02	04	CURRENTS	1
37	MON	02	05	RECURRENTS	1
38	MON	02	06	CURRENTS	1
39	MON	02	07	IMAGINGID	1
40	MON	02	08	RECURRENTS	4
41	MON	02	09	IMAGINGID	1
42	MON	02	10	CURRENTS	1
43	MON	02	11	RECURRENTS	1
44	MON	02	12	CURRENTS	1
45	MON	02	13	ADS	2
46	MON	02	14	RECURRENTS	3
47	MON	02	15	IMAGINGID	1
48	MON	02	16	FILLTOTOH	1
49	MON	03	01	STATIONID	1
50	MON	03	02	PROMOS	1
51	MON	03	03	ADS	2
52	MON	03	04	CURRENTS	1
53	MON	03	05	RECURRENTS	1
54	MON	03	06	CURRENTS	1
55	MON	03	07	IMAGINGID	1
56	MON	03	08	RECURRENTS	4
57	MON	03	09	IMAGINGID	1
58	MON	03	10	CURRENTS	1
59	MON	03	11	RECURRENTS	1
60	MON	03	12	CURRENTS	1
61	MON	03	13	ADS	2
62	MON	03	14	RECURRENTS	3
63	MON	03	15	IMAGINGID	1
64	MON	03	16	FILLTOTOH	1
65	MON	04	01	STATIONID	1
66	MON	04	02	PROMOS	1
67	MON	04	03	ADS	2
68	MON	04	04	CURRENTS	1
69	MON	04	05	RECURRENTS	1
70	MON	04	06	CURRENTS	1
71	MON	04	07	IMAGINGID	1
72	MON	04	08	RECURRENTS	4
73	MON	04	09	IMAGINGID	1
74	MON	04	10	CURRENTS	1
75	MON	04	11	RECURRENTS	1
76	MON	04	12	CURRENTS	1
77	MON	04	13	ADS	2
78	MON	04	14	RECURRENTS	3
79	MON	04	15	IMAGINGID	1
80	MON	04	16	FILLTOTOH	1
81	MON	05	01	STATIONID	1
82	MON	05	02	PROMOS	1
83	MON	05	03	ADS	2
84	MON	05	04	CURRENTS	1
85	MON	05	05	RECURRENTS	1
86	MON	05	06	CURRENTS	1
87	MON	05	07	IMAGINGID	1
88	MON	05	08	RECURRENTS	4
89	MON	05	09	IMAGINGID	1
90	MON	05	10	CURRENTS	1
91	MON	05	11	RECURRENTS	1
92	MON	05	12	CURRENTS	1
93	MON	05	13	ADS	2
94	MON	05	14	RECURRENTS	3
95	MON	05	15	IMAGINGID	1
96	MON	05	16	FILLTOTOH	1
97	MON	06	01	STATIONID	1
98	MON	06	02	PROMOS	1
99	MON	06	03	CURRENTS	2
100	MON	06	04	ADS	3
101	MON	06	05	RECURRENTS	1
102	MON	06	06	IMAGINGID	1
103	MON	06	07	RECURRENTS	3
104	MON	06	08	IMAGINGID	1
105	MON	06	09	ADS	5
106	MON	06	10	NWS-1-PLAYONCE	1
107	MON	06	11	CURRENTS	2
108	MON	06	12	IMAGINGID	1
109	MON	06	13	FILLTOTOH	1
110	MON	07	01	STATIONID	1
111	MON	07	02	PROMOS	1
112	MON	07	03	CURRENTS	2
113	MON	07	04	DJAM-71-PLAYONCE	1
114	MON	07	05	ADS	4
115	MON	07	06	RECURRENTS	1
116	MON	07	07	NWS-2-PLAYONCE	1
117	MON	07	08	RECURRENTS	3
118	MON	07	09	DJAM-72-PLAYONCE	1
119	MON	07	10	ADS	5
120	MON	07	11	NWS-3-PLAYONCE	1
121	MON	07	12	CURRENTS	2
122	MON	07	13	IMAGINGID	1
123	MON	07	14	FILLTOTOH	1
124	MON	08	01	STATIONID	1
125	MON	08	02	PROMOS	1
126	MON	08	03	CURRENTS	2
127	MON	08	04	DJAM-81-PLAYONCE	1
128	MON	08	05	ADS	4
129	MON	08	06	RECURRENTS	3
130	MON	08	07	NWS-4-PLAYONCE	1
131	MON	08	07	RECURRENTS	2
132	MON	08	09	DJAM-82-PLAYONCE	1
133	MON	08	10	ADS	4
134	MON	08	11	NWS-5-PLAYONCE	1
135	MON	08	12	CURRENTS	2
136	MON	08	13	IMAGINGID	1
137	MON	08	14	FILLTOTOH	1
138	MON	09	01	STATIONID	1
139	MON	09	02	PROMOS	1
140	MON	09	03	CURRENTS	2
141	MON	09	04	DJAM-91-PLAYONCE	1
142	MON	09	05	ADS	4
143	MON	09	06	RECURRENTS	2
144	MON	09	07	IMAGINGID	1
145	MON	09	08	RECURRENTS	2
146	MON	09	09	DJAM-92-PLAYONCE	1
147	MON	09	10	CURRENTS	2
148	MON	09	11	ADS	4
149	MON	09	12	CURRENTS	2
150	MON	08	13	IMAGINGID	1
151	MON	09	14	FILLTOTOH	1
152	MON	10	01	STATIONID	1
153	MON	10	02	PROMOS	1
154	MON	10	03	CURRENTS	2
155	MON	10	04	DJAM-101-PLAYONCE	1
156	MON	10	05	ADS	4
157	MON	10	06	RECURRENTS	2
158	MON	10	07	IMAGINGID	1
159	MON	10	08	RECURRENTS	2
160	MON	10	09	DJAM-102-PLAYONCE	1
161	MON	10	10	CURRENTS	2
162	MON	10	11	ADS	4
163	MON	10	12	CURRENTS	2
164	MON	10	13	IMAGINGID	1
165	MON	10	14	FILLTOTOH	1
166	MON	11	01	STATIONID	1
167	MON	11	02	PROMOS	1
168	MON	11	03	CURRENTS	2
169	MON	11	04	DJAM-111-PLAYONCE	1
170	MON	11	05	ADS	4
171	MON	11	06	RECURRENTS	2
172	MON	11	07	IMAGINGID	1
173	MON	11	08	RECURRENTS	2
174	MON	11	09	DJAM-112-PLAYONCE	1
175	MON	11	10	CURRENTS	2
176	MON	11	11	ADS	4
177	MON	11	12	CURRENTS	2
178	MON	11	13	IMAGINGID	1
179	MON	11	14	FILLTOTOH	1
180	MON	12	01	STATIONID	1
181	MON	12	02	PROMOS	1
182	MON	12	03	CURRENTS	2
183	MON	12	04	DJPM-121-PLAYONCE	1
184	MON	12	05	ADS	4
185	MON	12	06	RECURRENTS	2
186	MON	12	07	IMAGINGID	1
187	MON	12	08	RECURRENTS	2
188	MON	12	09	DJPMH-122-PLAYONCE	1
189	MON	12	10	CURRENTS	2
190	MON	12	11	ADS	5
191	MON	12	12	CURRENTS	2
192	MON	12	13	IMAGINGID	1
193	MON	12	14	FILLTOTOH	1
194	MON	13	01	STATIONID	1
195	MON	13	02	PROMOS	1
196	MON	13	03	CURRENTS	2
197	MON	13	04	DJPM-121-PLAYONCE	1
198	MON	13	05	ADS	4
199	MON	13	06	RECURRENTS	2
200	MON	13	07	IMAGINGID	1
201	MON	13	08	RECURRENTS	2
202	MON	13	09	DJPMH-122-PLAYONCE	1
203	MON	13	10	CURRENTS	3
204	MON	13	11	ADS	4
205	MON	13	12	CURRENTS	2
206	MON	13	13	IMAGINGID	1
207	MON	13	14	FILLTOTOH	1
208	MON	14	01	STATIONID	1
209	MON	14	02	PROMOS	1
210	MON	14	03	CURRENTS	2
211	MON	14	04	DJPM-141-PLAYONCE	1
212	MON	14	05	ADS	4
213	MON	14	06	RECURRENTS	2
214	MON	14	07	IMAGINGID	1
215	MON	14	08	RECURRENTS	2
216	MON	14	09	DJPMH-142-PLAYONCE	1
217	MON	14	10	CURRENTS	3
218	MON	14	11	ADS	4
219	MON	14	12	CURRENTS	3
220	MON	14	13	IMAGINGID	1
221	MON	14	14	FILLTOTOH	1
222	MON	15	01	STATIONID	1
223	MON	15	02	PROMOS	1
224	MON	15	03	CURRENTS	2
225	MON	15	04	DJPM-151-PLAYONCE	1
226	MON	15	05	ADS	4
227	MON	15	06	RECURRENTS	2
228	MON	15	07	IMAGINGID	1
229	MON	15	08	RECURRENTS	2
230	MON	15	09	DJPMH-152-PLAYONCE	1
231	MON	15	10	CURRENTS	3
232	MON	15	11	ADS	4
233	MON	15	12	CURRENTS	3
234	MON	16	01	STATIONID	1
235	MON	16	02	PROMOS	1
236	MON	16	03	CURRENTS	2
237	MON	16	04	DJPM-161-PLAYONCE	1
238	MON	16	05	ADS	4
239	MON	16	06	RECURRENTS	2
240	MON	16	07	IMAGINGID	1
241	MON	16	08	RECURRENTS	2
242	MON	16	09	DJPMH-162-PLAYONCE	1
243	MON	16	10	CURRENTS	3
244	MON	16	11	ADS	4
245	MON	16	12	CURRENTS	2
246	MON	17	01	STATIONID	1
247	MON	17	02	PROMOS	1
248	MON	17	03	CURRENTS	2
249	MON	17	04	DJPM-171-PLAYONCE	1
250	MON	17	05	ADS	4
251	MON	17	06	RECURRENTS	2
252	MON	17	07	IMAGINGID	1
253	MON	17	08	RECURRENTS	3
254	MON	17	09	DJPMH-172-PLAYONCE	1
255	MON	17	10	CURRENTS	4
256	MON	17	11	ADS	4
257	MON	17	12	CURRENTS	2
258	MON	17	13	IMAGINGID	1
259	MON	17	14	FILLTOTOH	1
260	MON	18	01	STATIONID	1
261	MON	18	02	PROMOS	1
262	MON	18	03	CURRENTS	2
263	MON	18	04	DJPM-181-PLAYONCE	1
264	MON	18	05	ADS	5
265	MON	18	06	RECURRENTS	2
266	MON	18	07	IMAGINGID	1
267	MON	18	08	RECURRENTS	2
268	MON	18	09	DJPMH-182-PLAYONCE	1
269	MON	18	10	RECURRENTS	4
270	MON	18	11	ADS	5
271	MON	18	12	CURRENTS	2
272	MON	18	13	IMAGINGID	1
273	MON	18	14	FILLTOTOH	1
274	MON	19	01	STATIONID	1
275	MON	19	02	PROMOS	1
276	MON	19	03	ADS	2
277	MON	19	04	CURRENTS	1
278	MON	19	05	RECURRENTS	1
279	MON	19	06	CURRENTS	1
280	MON	19	07	IMAGINGID	1
281	MON	19	08	RECURRENTS	4
282	MON	19	09	IMAGINGID	1
283	MON	19	10	CURRENTS	1
284	MON	19	11	RECURRENTS	1
285	MON	19	12	CURRENTS	1
286	MON	19	13	ADS	2
287	MON	19	14	RECURRENTS	3
288	MON	19	15	IMAGINGID	1
289	MON	19	16	FILLTOTOH	1
290	MON	20	01	STATIONID	1
291	MON	20	02	PROMOS	1
292	MON	20	03	ADS	2
293	MON	20	04	CURRENTS	1
294	MON	20	05	RECURRENTS	1
295	MON	20	06	CURRENTS	1
296	MON	20	07	IMAGINGID	1
297	MON	20	08	RECURRENTS	4
298	MON	20	09	IMAGINGID	1
299	MON	20	10	CURRENTS	1
300	MON	20	11	RECURRENTS	1
301	MON	20	12	CURRENTS	1
302	MON	20	13	ADS	2
303	MON	20	14	RECURRENTS	3
304	MON	20	15	IMAGINGID	1
305	MON	20	16	FILLTOTOH	1
306	MON	21	01	STATIONID	1
307	MON	21	02	PROMOS	1
308	MON	21	03	ADS	2
309	MON	21	04	CURRENTS	1
310	MON	21	05	RECURRENTS	1
311	MON	21	06	CURRENTS	1
312	MON	21	07	IMAGINGID	1
313	MON	21	08	RECURRENTS	4
314	MON	21	09	IMAGINGID	1
315	MON	21	10	CURRENTS	1
316	MON	21	11	RECURRENTS	1
317	MON	21	12	CURRENTS	1
318	MON	21	13	ADS	2
319	MON	21	14	RECURRENTS	3
320	MON	21	15	IMAGINGID	1
321	MON	21	16	FILLTOTOH	1
322	MON	22	01	STATIONID	1
323	MON	22	02	PROMOS	1
324	MON	22	03	ADS	2
325	MON	22	04	CURRENTS	1
326	MON	22	05	RECURRENTS	1
327	MON	22	06	CURRENTS	1
328	MON	22	07	IMAGINGID	1
329	MON	22	08	RECURRENTS	4
330	MON	22	09	IMAGINGID	1
331	MON	22	10	CURRENTS	1
332	MON	22	11	RECURRENTS	1
333	MON	22	12	CURRENTS	1
334	MON	22	13	ADS	2
335	MON	22	14	RECURRENTS	3
336	MON	22	15	IMAGINGID	1
337	MON	22	16	FILLTOTOH	1
338	MON	23	01	STATIONID	1
339	MON	23	02	PROMOS	1
340	MON	23	03	ADS	2
341	MON	23	04	CURRENTS	1
342	MON	23	05	RECURRENTS	1
343	MON	23	06	CURRENTS	1
344	MON	23	07	IMAGINGID	1
345	MON	23	08	RECURRENTS	4
346	MON	23	09	IMAGINGID	1
347	MON	23	10	CURRENTS	1
348	MON	23	11	RECURRENTS	1
349	MON	23	12	CURRENTS	1
350	MON	23	13	ADS	2
351	MON	23	14	RECURRENTS	3
352	MON	23	15	IMAGINGID	1
353	MON	23	16	FILLTOTOH	1
\.


--
-- Data for Name: traffic; Type: TABLE DATA; Schema: public; Owner: postgres
--

COPY public.traffic (rowid, artist, song, album, playedon) FROM stdin;
\.


--
-- Name: categories_rowid_seq; Type: SEQUENCE SET; Schema: public; Owner: postgres
--

SELECT pg_catalog.setval('public.categories_rowid_seq', 38, true);


--
-- Name: days_rowid_seq; Type: SEQUENCE SET; Schema: public; Owner: postgres
--

SELECT pg_catalog.setval('public.days_rowid_seq', 7, true);


--
-- Name: hours_rowid_seq; Type: SEQUENCE SET; Schema: public; Owner: postgres
--

SELECT pg_catalog.setval('public.hours_rowid_seq', 24, true);


--
-- Name: inventory_rowid_seq; Type: SEQUENCE SET; Schema: public; Owner: postgres
--

SELECT pg_catalog.setval('public.inventory_rowid_seq', 1, false);


--
-- Name: schedule_rowid_seq; Type: SEQUENCE SET; Schema: public; Owner: postgres
--

SELECT pg_catalog.setval('public.schedule_rowid_seq', 353, true);


--
-- Name: traffic_rowid_seq; Type: SEQUENCE SET; Schema: public; Owner: postgres
--

SELECT pg_catalog.setval('public.traffic_rowid_seq', 1, false);


--
-- Name: categories categories_pkey; Type: CONSTRAINT; Schema: public; Owner: postgres
--

ALTER TABLE ONLY public.categories
    ADD CONSTRAINT categories_pkey PRIMARY KEY (rowid);


--
-- Name: days days_pkey; Type: CONSTRAINT; Schema: public; Owner: postgres
--

ALTER TABLE ONLY public.days
    ADD CONSTRAINT days_pkey PRIMARY KEY (rowid);


--
-- Name: hours hours_pkey; Type: CONSTRAINT; Schema: public; Owner: postgres
--

ALTER TABLE ONLY public.hours
    ADD CONSTRAINT hours_pkey PRIMARY KEY (rowid);


--
-- Name: inventory inventory_pkey; Type: CONSTRAINT; Schema: public; Owner: postgres
--

ALTER TABLE ONLY public.inventory
    ADD CONSTRAINT inventory_pkey PRIMARY KEY (rowid);


--
-- Name: schedule schedule_pkey; Type: CONSTRAINT; Schema: public; Owner: postgres
--

ALTER TABLE ONLY public.schedule
    ADD CONSTRAINT schedule_pkey PRIMARY KEY (rowid);


--
-- Name: traffic traffic_pkey; Type: CONSTRAINT; Schema: public; Owner: postgres
--

ALTER TABLE ONLY public.traffic
    ADD CONSTRAINT traffic_pkey PRIMARY KEY (rowid);


--
-- Name: categoriesindex; Type: INDEX; Schema: public; Owner: postgres
--

CREATE INDEX categoriesindex ON public.categories USING btree (id);


--
-- Name: dayindex; Type: INDEX; Schema: public; Owner: postgres
--

CREATE INDEX dayindex ON public.days USING btree (dayofweek);


--
-- Name: hoursindex; Type: INDEX; Schema: public; Owner: postgres
--

CREATE INDEX hoursindex ON public.hours USING btree (id);


--
-- Name: inventorybyartist; Type: INDEX; Schema: public; Owner: postgres
--

CREATE INDEX inventorybyartist ON public.inventory USING btree (artist, song);


--
-- Name: inventorybycategorysong; Type: INDEX; Schema: public; Owner: postgres
--

CREATE INDEX inventorybycategorysong ON public.inventory USING btree (category, song);


--
-- Name: inventoryplayget; Type: INDEX; Schema: public; Owner: postgres
--

CREATE INDEX inventoryplayget ON public.inventory USING btree (category, lastplayed, rndorder);


--
-- Name: scheduleindex; Type: INDEX; Schema: public; Owner: postgres
--

CREATE INDEX scheduleindex ON public.schedule USING btree (days, hours, "position");


--
-- Name: trafficbyartist; Type: INDEX; Schema: public; Owner: postgres
--

CREATE INDEX trafficbyartist ON public.traffic USING btree (artist, song, album);


--
-- PostgreSQL database dump complete
--

