--
-- PostgreSQL database dump
--

-- Dumped from database version 17.1 (Ubuntu 17.1-1.pgdg22.04+1)
-- Dumped by pg_dump version 17.1 (Ubuntu 17.1-1.pgdg22.04+1)

SET statement_timeout = 0;
SET lock_timeout = 0;
SET idle_in_transaction_session_timeout = 0;
SET transaction_timeout = 0;
SET client_encoding = 'UTF8';
SET standard_conforming_strings = on;
SELECT pg_catalog.set_config('search_path', '', false);
SET check_function_bodies = false;
SET xmloption = content;
SET client_min_messages = warning;
SET row_security = off;

SET default_tablespace = '';

SET default_table_access_method = heap;

--
-- Name: categories; Type: TABLE; Schema: public; Owner: postgres
--

CREATE TABLE public.categories (
    rowid integer NOT NULL,
    id character varying(64),
    description text NOT NULL
);


ALTER TABLE public.categories OWNER TO postgres;

--
-- Name: categories_rowid_seq; Type: SEQUENCE; Schema: public; Owner: postgres
--

CREATE SEQUENCE public.categories_rowid_seq
    AS integer
    START WITH 1
    INCREMENT BY 1
    NO MINVALUE
    NO MAXVALUE
    CACHE 1;


ALTER SEQUENCE public.categories_rowid_seq OWNER TO postgres;

--
-- Name: categories_rowid_seq; Type: SEQUENCE OWNED BY; Schema: public; Owner: postgres
--

ALTER SEQUENCE public.categories_rowid_seq OWNED BY public.categories.rowid;


--
-- Name: days; Type: TABLE; Schema: public; Owner: postgres
--

CREATE TABLE public.days (
    rowid integer NOT NULL,
    id character(3),
    description text NOT NULL,
    dayofweek integer
);


ALTER TABLE public.days OWNER TO postgres;

--
-- Name: days_rowid_seq; Type: SEQUENCE; Schema: public; Owner: postgres
--

CREATE SEQUENCE public.days_rowid_seq
    AS integer
    START WITH 1
    INCREMENT BY 1
    NO MINVALUE
    NO MAXVALUE
    CACHE 1;


ALTER SEQUENCE public.days_rowid_seq OWNER TO postgres;

--
-- Name: days_rowid_seq; Type: SEQUENCE OWNED BY; Schema: public; Owner: postgres
--

ALTER SEQUENCE public.days_rowid_seq OWNED BY public.days.rowid;


--
-- Name: hours; Type: TABLE; Schema: public; Owner: postgres
--

CREATE TABLE public.hours (
    rowid integer NOT NULL,
    id character(2),
    description text NOT NULL
);


ALTER TABLE public.hours OWNER TO postgres;

--
-- Name: hours_rowid_seq; Type: SEQUENCE; Schema: public; Owner: postgres
--

CREATE SEQUENCE public.hours_rowid_seq
    AS integer
    START WITH 1
    INCREMENT BY 1
    NO MINVALUE
    NO MAXVALUE
    CACHE 1;


ALTER SEQUENCE public.hours_rowid_seq OWNER TO postgres;

--
-- Name: hours_rowid_seq; Type: SEQUENCE OWNED BY; Schema: public; Owner: postgres
--

ALTER SEQUENCE public.hours_rowid_seq OWNED BY public.hours.rowid;


--
-- Name: inventory; Type: TABLE; Schema: public; Owner: postgres
--

CREATE TABLE public.inventory (
    rowid integer NOT NULL,
    category character varying(64) NOT NULL,
    artist text NOT NULL,
    song text NOT NULL,
    album text,
    songlength integer,
    rndorder text,
    startson text,
    expireson text,
    adstimeslots text[],
    adsmaxspins integer,
    adsmaxspinsperhour integer,
    lastplayed text,
    dateadded text,
    spinstoday integer,
    spinsweek integer,
    spinstotal integer,
    sourcelink text
);


ALTER TABLE public.inventory OWNER TO postgres;

--
-- Name: inventory_rowid_seq; Type: SEQUENCE; Schema: public; Owner: postgres
--

CREATE SEQUENCE public.inventory_rowid_seq
    AS integer
    START WITH 1
    INCREMENT BY 1
    NO MINVALUE
    NO MAXVALUE
    CACHE 1;


ALTER SEQUENCE public.inventory_rowid_seq OWNER TO postgres;

--
-- Name: inventory_rowid_seq; Type: SEQUENCE OWNED BY; Schema: public; Owner: postgres
--

ALTER SEQUENCE public.inventory_rowid_seq OWNED BY public.inventory.rowid;


--
-- Name: schedule; Type: TABLE; Schema: public; Owner: postgres
--

CREATE TABLE public.schedule (
    rowid integer NOT NULL,
    days character varying(3),
    hours character(2),
    "position" character(2),
    categories character varying(64),
    spinstoplay integer
);


ALTER TABLE public.schedule OWNER TO postgres;

--
-- Name: schedule_rowid_seq; Type: SEQUENCE; Schema: public; Owner: postgres
--

CREATE SEQUENCE public.schedule_rowid_seq
    AS integer
    START WITH 1
    INCREMENT BY 1
    NO MINVALUE
    NO MAXVALUE
    CACHE 1;


ALTER SEQUENCE public.schedule_rowid_seq OWNER TO postgres;

--
-- Name: schedule_rowid_seq; Type: SEQUENCE OWNED BY; Schema: public; Owner: postgres
--

ALTER SEQUENCE public.schedule_rowid_seq OWNED BY public.schedule.rowid;


--
-- Name: traffic; Type: TABLE; Schema: public; Owner: postgres
--

CREATE TABLE public.traffic (
    rowid integer NOT NULL,
    artist text NOT NULL,
    song text NOT NULL,
    album text,
    playedon text
);


ALTER TABLE public.traffic OWNER TO postgres;

--
-- Name: traffic_rowid_seq; Type: SEQUENCE; Schema: public; Owner: postgres
--

CREATE SEQUENCE public.traffic_rowid_seq
    AS integer
    START WITH 1
    INCREMENT BY 1
    NO MINVALUE
    NO MAXVALUE
    CACHE 1;


ALTER SEQUENCE public.traffic_rowid_seq OWNER TO postgres;

--
-- Name: traffic_rowid_seq; Type: SEQUENCE OWNED BY; Schema: public; Owner: postgres
--

ALTER SEQUENCE public.traffic_rowid_seq OWNED BY public.traffic.rowid;


--
-- Name: categories rowid; Type: DEFAULT; Schema: public; Owner: postgres
--

ALTER TABLE ONLY public.categories ALTER COLUMN rowid SET DEFAULT nextval('public.categories_rowid_seq'::regclass);


--
-- Name: days rowid; Type: DEFAULT; Schema: public; Owner: postgres
--

ALTER TABLE ONLY public.days ALTER COLUMN rowid SET DEFAULT nextval('public.days_rowid_seq'::regclass);


--
-- Name: hours rowid; Type: DEFAULT; Schema: public; Owner: postgres
--

ALTER TABLE ONLY public.hours ALTER COLUMN rowid SET DEFAULT nextval('public.hours_rowid_seq'::regclass);


--
-- Name: inventory rowid; Type: DEFAULT; Schema: public; Owner: postgres
--

ALTER TABLE ONLY public.inventory ALTER COLUMN rowid SET DEFAULT nextval('public.inventory_rowid_seq'::regclass);


--
-- Name: schedule rowid; Type: DEFAULT; Schema: public; Owner: postgres
--

ALTER TABLE ONLY public.schedule ALTER COLUMN rowid SET DEFAULT nextval('public.schedule_rowid_seq'::regclass);


--
-- Name: traffic rowid; Type: DEFAULT; Schema: public; Owner: postgres
--

ALTER TABLE ONLY public.traffic ALTER COLUMN rowid SET DEFAULT nextval('public.traffic_rowid_seq'::regclass);


--
-- Data for Name: categories; Type: TABLE DATA; Schema: public; Owner: postgres
--

COPY public.categories (rowid, id, description) FROM stdin;
1	STATIONID	Station ID
2	IMAGINGID	Imaging ID
3	PROMOS	Promotions
4	NEXT	Play Next
5	ADS	ADS - Advertising Top Of Hour
6	CURRENTS	Top 40 Currants
7	RECURRENTS	Recurrants Library
8	NWS-1-PLAYONCE	NWS Spots 6 30 Bot AM Play Once
9	NWS-2-PLAYONCE	NWS Spots 7 00 Bot AM Play Once
10	NWS-3-PLAYONCE	NWS Spots 7 30 Bot AM Play Once
11	NWS-4-PLAYONCE	NWS Spots 8 00 Bot AM Play Once
12	NWS-5-PLAYONCE	NWS Spots 8 30 Bot AM Play Once
13	DJAM-71-PLAYONCE	DJ Morning Spots 7 Top AM Play Once
14	DJAM-72-PLAYONCE	DJ Morning Spots 7 Bot AM Play Once
15	DJAM-81-PLAYONCE	DJ Morning Spots 8 Top AM Play Once
16	DJAM-82-PLAYONCE	DJ Morning Spots 8 Bot AM Play Once
17	DJAM-91-PLAYONCE	DJ Morning Spots 9 TopAM Play Once
18	DJAM-92-PLAYONCE	DJ Morning Spots 9 Bot AM Play Once
19	DJAM-101-PLAYONCE	DJ Morning Spots 10 Top AM Play Once
20	DJAM-102-PLAYONCE	DJ Morning Spots 10 Bot AM Play Once
21	DJAM-111-PLAYONCE	DJ Morning Spots 11 Top AM Play Once
22	DJAM-112-PLAYONCE	DJ Morning Spots 11 Bot AM Play Once
23	DJPM-121-PLAYONCE	DJ Afternoon Spots 12 Top AM Play Once
24	DJPM-122-PLAYONCE	DJ Afternoon Spots 12 Bot AM Play Once
25	DJPM-131-PLAYONCE	DJ Afternoon Spots 13 Top PM Play Once
26	DJPM-132-PLAYONCE	DJ Afternoon Spots 13 Bot PM Play Once
27	DJPM-141-PLAYONCE	DJ Afternoon Spots 14 Top PM Play Once
28	DJPM-142-PLAYONCE	DJ Afternoon Spots 14 Bot PM Play Once
29	DJPM-151-PLAYONCE	DJ Afternoon Spots 15 Top PM Play Once
30	DJPM-152-PLAYONCE	DJ Afternoon Spots 15 Bot PM Play Once
31	DJPM-161-PLAYONCE	DJ Afternoon Spots 16 Top PM Play Once
32	DJPM-162-PLAYONCE	DJ Afternoon Spots 16 Bot PM Play Once
33	DJPM-141-PLAYONCE	DJ Afternoon Spots 17 Top PM Play Once
34	DJPM-172-PLAYONCE	DJ Afternoon Spots 17 Bot PM Play Once
35	DJPM-181-PLAYONCE	DJ Afternoon Spots 18 Top PM Play Once
36	DJPM-182-PLAYONCE	DJ Afternoon Spots 18 Bot PM Play Once
37	FILLTOTOH	Fill To TOH Schedule
38	NWS	News Weather Sports
\.


--
-- Data for Name: days; Type: TABLE DATA; Schema: public; Owner: postgres
--

COPY public.days (rowid, id, description, dayofweek) FROM stdin;
1	MON	Monday	1
2	TUE	Tuesday	2
3	WED	Wednesday	3
4	THU	Thursday	4
5	FRI	Friday	5
6	SAT	Saturday	6
7	SUN	Sunday	7
\.


--
-- Data for Name: hours; Type: TABLE DATA; Schema: public; Owner: postgres
--

COPY public.hours (rowid, id, description) FROM stdin;
1	00	Hour Part 00
2	01	Hour Part 01
3	02	Hour Part 02
4	03	Hour Part 03
5	04	Hour Part 04
6	05	Hour Part 05
7	06	Hour Part 06
8	07	Hour Part 07
9	08	Hour Part 08
10	09	Hour Part 09
11	10	Hour Part 10
12	11	Hour Part 11
13	12	Hour Part 12
14	13	Hour Part 13
15	14	Hour Part 14
16	15	Hour Part 15
17	16	Hour Part 16
18	17	Hour Part 17
19	18	Hour Part 18
20	19	Hour Part 19
21	20	Hour Part 20
22	21	Hour Part 21
23	22	Hour Part 22
24	23	Hour Part 23
\.


--
-- Data for Name: inventory; Type: TABLE DATA; Schema: public; Owner: postgres
--

COPY public.inventory (rowid, category, artist, song, album, songlength, rndorder, startson, expireson, adstimeslots, adsmaxspins, adsmaxspinsperhour, lastplayed, dateadded, spinstoday, spinsweek, spinstotal, sourcelink) FROM stdin;
2	ADS	ad10	ad10	ad10	0	000000	2023-12-31 00:00:00	9999-12-31 00:00:00	{"","","","","","","","","","","","","","","","","","","","","","",""}	0	0	1999-01-01 00:00:00	2025-08-19 00:00:00	0	0	0	Stub
45	IMAGINGID	ia11	ia11	ia11	17	000000	2023-12-31 00:00:00	9999-12-31 00:00:00	{"","","","","","","","","","","","","","","","","","","","","","",""}	0	0	2025-08-20 09:06:46	2025-08-19 00:00:00	1	1	1	Stub
49	RECURRENTS	r1	r1	r1	196	000000	2023-12-31 00:00:00	9999-12-31 00:00:00	{"","","","","","","","","","","","","","","","","","","","","","",""}	0	0	2025-08-20 09:06:46	2025-08-19 00:00:00	1	1	1	Stub
51	RECURRENTS	r3	r3	r3	196	000000	2023-12-31 00:00:00	9999-12-31 00:00:00	{"","","","","","","","","","","","","","","","","","","","","","",""}	0	0	2025-08-20 09:06:46	2025-08-19 00:00:00	1	1	1	Stub
47	IMAGINGID	ia13	ia13	ia13	17	000000	2023-12-31 00:00:00	9999-12-31 00:00:00	{"","","","","","","","","","","","","","","","","","","","","","",""}	0	0	2025-08-20 13:02:31	2025-08-19 00:00:00	1	1	1	Stub
29	DJAM-91-PLAYONCE	djm5	dfm5	djm5	0	000000	2023-12-31 00:00:00	9999-12-31 00:00:00	{"","","","","","","","","","","","","","","","","","","","","","",""}	0	0	1999-01-01 00:00:00	2025-08-19 00:00:00	0	0	0	Stub
31	DJPM-121-PLAYONCE	dja1	dfa1	dja1	0	000000	2023-12-31 00:00:00	9999-12-31 00:00:00	{"","","","","","","","","","","","","","","","","","","","","","",""}	0	0	1999-01-01 00:00:00	2025-08-19 00:00:00	0	0	0	Stub
33	DJPM-131-PLAYONCE	dja3	dfa3	dja3	0	000000	2023-12-31 00:00:00	9999-12-31 00:00:00	{"","","","","","","","","","","","","","","","","","","","","","",""}	0	0	1999-01-01 00:00:00	2025-08-19 00:00:00	0	0	0	Stub
35	DJPM-141-PLAYONCE	dja5	dfa5	dja5	0	000000	2023-12-31 00:00:00	9999-12-31 00:00:00	{"","","","","","","","","","","","","","","","","","","","","","",""}	0	0	1999-01-01 00:00:00	2025-08-19 00:00:00	0	0	0	Stub
37	DJPM-151-PLAYONCE	dja7	dfa7	dja7	0	000000	2023-12-31 00:00:00	9999-12-31 00:00:00	{"","","","","","","","","","","","","","","","","","","","","","",""}	0	0	1999-01-01 00:00:00	2025-08-19 00:00:00	0	0	0	Stub
39	DJPM-161-PLAYONCE	dja9	dfa9	dja9	0	000000	2023-12-31 00:00:00	9999-12-31 00:00:00	{"","","","","","","","","","","","","","","","","","","","","","",""}	0	0	1999-01-01 00:00:00	2025-08-19 00:00:00	0	0	0	Stub
41	DJPM-172-PLAYONCE	dja11	dfa11	dja11	0	000000	2023-12-31 00:00:00	9999-12-31 00:00:00	{"","","","","","","","","","","","","","","","","","","","","","",""}	0	0	1999-01-01 00:00:00	2025-08-19 00:00:00	0	0	0	Stub
43	DJPM-182-PLAYONCE	dja13	dfa13	dja13	0	000000	2023-12-31 00:00:00	9999-12-31 00:00:00	{"","","","","","","","","","","","","","","","","","","","","","",""}	0	0	1999-01-01 00:00:00	2025-08-19 00:00:00	0	0	0	Stub
11	CURRENTS	c1	c1	c1	180	000000	2023-12-31 00:00:00	9999-12-31 00:00:00	{"","","","","","","","","","","","","","","","","","","","","","",""}	0	0	2025-08-20 09:06:46	2025-08-19 00:00:00	1	1	1	Stub
12	CURRENTS	c10	c10	c10	214	000000	2023-12-31 00:00:00	9999-12-31 00:00:00	{"","","","","","","","","","","","","","","","","","","","","","",""}	0	0	2025-08-20 09:06:46	2025-08-19 00:00:00	1	1	1	Stub
3	ADS	ad2	ad2	ad2	0	000000	2023-12-31 00:00:00	9999-12-31 00:00:00	{"","","","","","","","","","","","","","","","","","","","","","",""}	0	0	1999-01-01 00:00:00	2025-08-19 00:00:00	0	0	0	Stub
4	ADS	ad3	ad3	ad3	0	000000	2023-12-31 00:00:00	9999-12-31 00:00:00	{"","","","","","","","","","","","","","","","","","","","","","",""}	0	0	1999-01-01 00:00:00	2025-08-19 00:00:00	0	0	0	Stub
5	ADS	ad4	ad4	ad4	0	000000	2023-12-31 00:00:00	9999-12-31 00:00:00	{"","","","","","","","","","","","","","","","","","","","","","",""}	0	0	1999-01-01 00:00:00	2025-08-19 00:00:00	0	0	0	Stub
6	ADS	ad5	ad5	ad5	0	000000	2023-12-31 00:00:00	9999-12-31 00:00:00	{"","","","","","","","","","","","","","","","","","","","","","",""}	0	0	1999-01-01 00:00:00	2025-08-19 00:00:00	0	0	0	Stub
7	ADS	ad6	ad6	ad6	0	000000	2023-12-31 00:00:00	9999-12-31 00:00:00	{"","","","","","","","","","","","","","","","","","","","","","",""}	0	0	1999-01-01 00:00:00	2025-08-19 00:00:00	0	0	0	Stub
8	ADS	ad7	ad7	ad7	0	000000	2023-12-31 00:00:00	9999-12-31 00:00:00	{"","","","","","","","","","","","","","","","","","","","","","",""}	0	0	1999-01-01 00:00:00	2025-08-19 00:00:00	0	0	0	Stub
9	ADS	ad8	ad8	ad8	0	000000	2023-12-31 00:00:00	9999-12-31 00:00:00	{"","","","","","","","","","","","","","","","","","","","","","",""}	0	0	1999-01-01 00:00:00	2025-08-19 00:00:00	0	0	0	Stub
10	ADS	ad9	ad9	ad9	0	000000	2023-12-31 00:00:00	9999-12-31 00:00:00	{"","","","","","","","","","","","","","","","","","","","","","",""}	0	0	1999-01-01 00:00:00	2025-08-19 00:00:00	0	0	0	Stub
13	CURRENTS	c2	c2	c2	0	000000	2023-12-31 00:00:00	9999-12-31 00:00:00	{"","","","","","","","","","","","","","","","","","","","","","",""}	0	0	1999-01-01 00:00:00	2025-08-19 00:00:00	0	0	0	Stub
14	CURRENTS	c3	c3	c3	0	000000	2023-12-31 00:00:00	9999-12-31 00:00:00	{"","","","","","","","","","","","","","","","","","","","","","",""}	0	0	1999-01-01 00:00:00	2025-08-19 00:00:00	0	0	0	Stub
53	RECURRENTS	r5	r5	r5	197	000000	2023-12-31 00:00:00	9999-12-31 00:00:00	{"","","","","","","","","","","","","","","","","","","","","","",""}	0	0	2025-08-20 09:06:46	2025-08-19 00:00:00	1	1	1	Stub
20	CURRENTS	c9	c9	c9	214	000000	2023-12-31 00:00:00	9999-12-31 00:00:00	{"","","","","","","","","","","","","","","","","","","","","","",""}	0	0	2025-08-20 13:02:31	2025-08-19 00:00:00	1	1	1	Stub
18	CURRENTS	c7	c7	c7	214	000000	2023-12-31 00:00:00	9999-12-31 00:00:00	{"","","","","","","","","","","","","","","","","","","","","","",""}	0	0	2025-08-20 13:02:31	2025-08-19 00:00:00	1	1	1	Stub
15	CURRENTS	c4	c4	c4	0	000000	2023-12-31 00:00:00	9999-12-31 00:00:00	{"","","","","","","","","","","","","","","","","","","","","","",""}	0	0	1999-01-01 00:00:00	2025-08-19 00:00:00	0	0	0	Stub
16	CURRENTS	c5	c5	c5	0	000000	2023-12-31 00:00:00	9999-12-31 00:00:00	{"","","","","","","","","","","","","","","","","","","","","","",""}	0	0	1999-01-01 00:00:00	2025-08-19 00:00:00	0	0	0	Stub
17	CURRENTS	c6	c6	c6	0	000000	2023-12-31 00:00:00	9999-12-31 00:00:00	{"","","","","","","","","","","","","","","","","","","","","","",""}	0	0	1999-01-01 00:00:00	2025-08-19 00:00:00	0	0	0	Stub
19	CURRENTS	c8	c8	c8	0	000000	2023-12-31 00:00:00	9999-12-31 00:00:00	{"","","","","","","","","","","","","","","","","","","","","","",""}	0	0	1999-01-01 00:00:00	2025-08-19 00:00:00	0	0	0	Stub
21	DJAM-101-PLAYONCE	djm7	dfm7	djm7	0	000000	2023-12-31 00:00:00	9999-12-31 00:00:00	{"","","","","","","","","","","","","","","","","","","","","","",""}	0	0	1999-01-01 00:00:00	2025-08-19 00:00:00	0	0	0	Stub
22	DJAM-102-PLAYONCE	djm8	dfm8	djm8	0	000000	2023-12-31 00:00:00	9999-12-31 00:00:00	{"","","","","","","","","","","","","","","","","","","","","","",""}	0	0	1999-01-01 00:00:00	2025-08-19 00:00:00	0	0	0	Stub
23	DJAM-111-PLAYONCE	djm9	dfm9	djm9	0	000000	2023-12-31 00:00:00	9999-12-31 00:00:00	{"","","","","","","","","","","","","","","","","","","","","","",""}	0	0	1999-01-01 00:00:00	2025-08-19 00:00:00	0	0	0	Stub
24	DJAM-112-PLAYONCE	djm10	dfm10	djm10	0	000000	2023-12-31 00:00:00	9999-12-31 00:00:00	{"","","","","","","","","","","","","","","","","","","","","","",""}	0	0	1999-01-01 00:00:00	2025-08-19 00:00:00	0	0	0	Stub
25	DJAM-71-PLAYONCE	djm1	dfm1	djm1	0	000000	2023-12-31 00:00:00	9999-12-31 00:00:00	{"","","","","","","","","","","","","","","","","","","","","","",""}	0	0	1999-01-01 00:00:00	2025-08-19 00:00:00	0	0	0	Stub
26	DJAM-72-PLAYONCE	djm2	dfm2	djm2	0	000000	2023-12-31 00:00:00	9999-12-31 00:00:00	{"","","","","","","","","","","","","","","","","","","","","","",""}	0	0	1999-01-01 00:00:00	2025-08-19 00:00:00	0	0	0	Stub
27	DJAM-81-PLAYONCE	djm3	dfm3	djm3	0	000000	2023-12-31 00:00:00	9999-12-31 00:00:00	{"","","","","","","","","","","","","","","","","","","","","","",""}	0	0	1999-01-01 00:00:00	2025-08-19 00:00:00	0	0	0	Stub
28	DJAM-82-PLAYONCE	djm4	dfm4	djm4	0	000000	2023-12-31 00:00:00	9999-12-31 00:00:00	{"","","","","","","","","","","","","","","","","","","","","","",""}	0	0	1999-01-01 00:00:00	2025-08-19 00:00:00	0	0	0	Stub
55	RECURRENTS	r7	r7	r7	0	000000	2023-12-31 00:00:00	9999-12-31 00:00:00	{"","","","","","","","","","","","","","","","","","","","","","",""}	0	0	1999-01-01 00:00:00	2025-08-19 00:00:00	0	0	0	Stub
57	RECURRENTS	r9	r9	r9	0	000000	2023-12-31 00:00:00	9999-12-31 00:00:00	{"","","","","","","","","","","","","","","","","","","","","","",""}	0	0	1999-01-01 00:00:00	2025-08-19 00:00:00	0	0	0	Stub
30	DJAM-92-PLAYONCE	djm6	dfm6	djm6	0	000000	2023-12-31 00:00:00	9999-12-31 00:00:00	{"","","","","","","","","","","","","","","","","","","","","","",""}	0	0	1999-01-01 00:00:00	2025-08-19 00:00:00	0	0	0	Stub
32	DJPM-122-PLAYONCE	dja2	dfa2	dja2	0	000000	2023-12-31 00:00:00	9999-12-31 00:00:00	{"","","","","","","","","","","","","","","","","","","","","","",""}	0	0	1999-01-01 00:00:00	2025-08-19 00:00:00	0	0	0	Stub
34	DJPM-132-PLAYONCE	dja4	dfa4	dja4	0	000000	2023-12-31 00:00:00	9999-12-31 00:00:00	{"","","","","","","","","","","","","","","","","","","","","","",""}	0	0	1999-01-01 00:00:00	2025-08-19 00:00:00	0	0	0	Stub
36	DJPM-142-PLAYONCE	dja6	dfa6	dja6	0	000000	2023-12-31 00:00:00	9999-12-31 00:00:00	{"","","","","","","","","","","","","","","","","","","","","","",""}	0	0	1999-01-01 00:00:00	2025-08-19 00:00:00	0	0	0	Stub
38	DJPM-152-PLAYONCE	dja8	dfa8	dja8	0	000000	2023-12-31 00:00:00	9999-12-31 00:00:00	{"","","","","","","","","","","","","","","","","","","","","","",""}	0	0	1999-01-01 00:00:00	2025-08-19 00:00:00	0	0	0	Stub
40	DJPM-162-PLAYONCE	dja10	dfa10	dja10	0	000000	2023-12-31 00:00:00	9999-12-31 00:00:00	{"","","","","","","","","","","","","","","","","","","","","","",""}	0	0	1999-01-01 00:00:00	2025-08-19 00:00:00	0	0	0	Stub
42	DJPM-181-PLAYONCE	dja12	dfa12	dja12	0	000000	2023-12-31 00:00:00	9999-12-31 00:00:00	{"","","","","","","","","","","","","","","","","","","","","","",""}	0	0	1999-01-01 00:00:00	2025-08-19 00:00:00	0	0	0	Stub
44	IMAGINGID	ia10	ia10	ia10	0	000000	2023-12-31 00:00:00	9999-12-31 00:00:00	{"","","","","","","","","","","","","","","","","","","","","","",""}	0	0	1999-01-01 00:00:00	2025-08-19 00:00:00	0	0	0	Stub
46	IMAGINGID	ia12	ia12	ia12	0	000000	2023-12-31 00:00:00	9999-12-31 00:00:00	{"","","","","","","","","","","","","","","","","","","","","","",""}	0	0	1999-01-01 00:00:00	2025-08-19 00:00:00	0	0	0	Stub
48	PROMOS	p1	p1	p1	0	000000	2023-12-31 00:00:00	9999-12-31 00:00:00	{"","","","","","","","","","","","","","","","","","","","","","",""}	0	0	1999-01-01 00:00:00	2025-08-19 00:00:00	0	0	0	Stub
52	RECURRENTS	r4	r4	r4	0	000000	2023-12-31 00:00:00	9999-12-31 00:00:00	{"","","","","","","","","","","","","","","","","","","","","","",""}	0	0	1999-01-01 00:00:00	2025-08-19 00:00:00	0	0	0	Stub
54	RECURRENTS	r6	r6	r6	0	000000	2023-12-31 00:00:00	9999-12-31 00:00:00	{"","","","","","","","","","","","","","","","","","","","","","",""}	0	0	1999-01-01 00:00:00	2025-08-19 00:00:00	0	0	0	Stub
1	ADS	ad1	ad1	ad1	0	000000	2023-12-31 00:00:00	9999-12-31 00:00:00	{"","","","","","","","","","","","","","","","","","","","","","","",07,08,06,05,09}	12	1			0	0	0	Stub
58	STATIONID	s1	s1	s1	3	000000	2023-12-31 00:00:00	9999-12-31 00:00:00	{"","","","","","","","","","","","","","","","","","","","","","",""}	0	0	2025-08-20 13:02:31	2025-08-19 00:00:00	2	2	2	Stub
56	RECURRENTS	r8	r8	r8	196	000000	2023-12-31 00:00:00	9999-12-31 00:00:00	{"","","","","","","","","","","","","","","","","","","","","","",""}	0	0	2025-08-20 13:02:31	2025-08-19 00:00:00	1	1	1	Stub
50	RECURRENTS	r2	r2	r2	196	000000	2023-12-31 00:00:00	9999-12-31 00:00:00	{"","","","","","","","","","","","","","","","","","","","","","",""}	0	0	2025-08-20 13:02:31	2025-08-19 00:00:00	1	1	1	Stub
\.


--
-- Data for Name: schedule; Type: TABLE DATA; Schema: public; Owner: postgres
--

COPY public.schedule (rowid, days, hours, "position", categories, spinstoplay) FROM stdin;
1	MON	00	01	STATIONID	1
2	MON	00	02	PROMOS	1
3	MON	00	03	ADS	1
4	MON	00	04	CURRENTS	1
5	MON	00	05	IMAGINGID	1
6	MON	00	06	RECURRENTS	3
7	MON	00	07	IMAGINGID	1
8	MON	00	08	CURRENTS	1
9	MON	00	09	ADS	2
10	MON	00	10	RECURRENTS	2
11	MON	00	11	FILLTOTOH	1
12	MON	01	01	STATIONID	1
13	MON	01	02	PROMOS	1
14	MON	00	03	ADS	2
15	MON	01	04	CURRENTS	1
16	MON	01	05	IMAGINGID	1
17	MON	01	06	RECURRENTS	3
18	MON	01	07	IMAGINGID	1
19	MON	00	08	ADS	2
20	MON	01	09	CURRENTS	1
21	MON	01	10	RECURRENTS	2
22	MON	01	11	FILLTOTOH	1
23	MON	02	01	STATIONID	1
24	MON	02	02	PROMOS	1
25	MON	00	03	ADS	2
26	MON	02	04	CURRENTS	1
27	MON	02	05	IMAGINGID	1
28	MON	02	06	RECURRENTS	3
29	MON	02	07	IMAGINGID	1
30	MON	00	08	ADS	2
31	MON	02	09	CURRENTS	1
32	MON	02	10	RECURRENTS	2
33	MON	02	11	FILLTOTOH	1
34	MON	03	01	STATIONID	1
35	MON	03	02	PROMOS	1
36	MON	00	03	ADS	2
37	MON	03	04	CURRENTS	1
38	MON	03	05	IMAGINGID	1
39	MON	03	06	RECURRENTS	3
40	MON	03	07	IMAGINGID	1
41	MON	00	08	ADS	2
42	MON	03	09	CURRENTS	1
43	MON	03	10	RECURRENTS	2
44	MON	03	11	FILLTOTOH	1
45	MON	04	01	STATIONID	1
46	MON	04	02	PROMOS	1
47	MON	00	03	ADS	2
48	MON	04	04	CURRENTS	1
49	MON	04	05	IMAGINGID	1
50	MON	04	06	RECURRENTS	3
51	MON	04	07	IMAGINGID	1
52	MON	00	08	ADS	2
53	MON	04	09	CURRENTS	1
54	MON	04	10	RECURRENTS	2
55	MON	04	11	FILLTOTOH	1
56	MON	05	01	STATIONID	1
57	MON	05	02	PROMOS	1
58	MON	00	03	ADS	2
59	MON	05	04	CURRENTS	1
60	MON	05	05	IMAGINGID	1
61	MON	05	06	RECURRENTS	3
62	MON	05	07	IMAGINGID	1
63	MON	00	08	ADS	2
64	MON	05	09	CURRENTS	1
65	MON	05	10	RECURRENTS	2
66	MON	05	11	FILLTOTOH	1
67	MON	06	01	STATIONID	1
68	MON	06	02	CURRENTS	2
69	MON	06	04	ADS	5
70	MON	06	03	IMAGINGID	1
71	MON	06	04	RECURRENTS	3
72	MON	06	04	ADS	5
73	MON	06	06	NWS-1-PLAYONCE	1
74	MON	06	07	CURRENTS	2
75	MON	06	08	FILLTOTOH	1
76	MON	07	01	STATIONID	1
77	MON	07	02	CURRENTS	2
78	MON	07	03	DJAM-71-PLAYONCE	1
79	MON	07	04	ADS	5
80	MON	07	05	NWS-2-PLAYONCE	1
81	MON	07	06	RECURRENTS	3
82	MON	07	07	DJAM-72-PLAYONCE	1
83	MON	07	08	ADS	5
84	MON	07	09	NWS-3-PLAYONCE	1
85	MON	07	10	CURRENTS	1
86	MON	07	11	FILLTOTOH	1
87	MON	08	01	STATIONID	1
88	MON	08	02	CURRENTS	5
89	MON	08	03	DJAM-81-PLAYONCE	1
90	MON	08	04	ADS	2
91	MON	08	05	NWS-4-PLAYONCE	1
92	MON	08	06	RECURRENTS	3
93	MON	08	07	DJAM-82-PLAYONCE	1
94	MON	08	08	ADS	5
95	MON	08	09	NWS-5-PLAYONCE	1
96	MON	08	10	CURRENTS	1
97	MON	08	11	FILLTOTOH	1
98	MON	09	01	STATIONID	1
99	MON	09	02	CURRENTS	2
100	MON	09	03	DJAM-91-PLAYONCE	1
101	MON	09	04	ADS	5
102	MON	09	05	CURRENTS	2
103	MON	09	06	DJAM-92-PLAYONCE	1
104	MON	09	07	ADS	5
105	MON	09	08	CURRENTS	2
106	MON	09	09	FILLTOTOH	1
107	MON	10	01	STATIONID	1
108	MON	10	02	CURRENTS	2
109	MON	10	03	DJAM-101-PLAYONCE	1
110	MON	10	04	ADS	5
111	MON	10	05	CURRENTS	2
112	MON	10	06	DJAM-102-PLAYONCE	1
113	MON	10	07	ADS	5
114	MON	10	08	CURRENTS	2
115	MON	10	09	FILLTOTOH	1
116	MON	11	01	STATIONID	1
117	MON	11	02	CURRENTS	2
118	MON	11	03	DJAM-111-PLAYONCE	1
119	MON	11	04	ADS	5
120	MON	11	05	CURRENTS	2
121	MON	11	06	DJAM-112-PLAYONCE	1
122	MON	11	07	ADS	5
123	MON	11	08	CURRENTS	2
124	MON	11	09	FILLTOTOH	1
125	MON	12	01	STATIONID	1
126	MON	12	02	CURRENTS	2
127	MON	12	03	DJPM-121-PLAYONCE	1
128	MON	12	04	ADS	5
129	MON	12	05	CURRENTS	2
130	MON	12	06	DJPMH-122-PLAYONCE	1
131	MON	12	07	ADS	5
132	MON	12	08	CURRENTS	2
133	MON	12	09	FILLTOTOH	1
134	MON	13	01	STATIONID	1
135	MON	13	02	CURRENTS	2
136	MON	13	03	DJPM-121-PLAYONCE	1
137	MON	13	04	ADS	5
138	MON	13	05	CURRENTS	2
139	MON	13	06	DJPMH-122-PLAYONCE	1
140	MON	13	07	ADS	5
141	MON	13	08	CURRENTS	2
142	MON	13	09	FILLTOTOH	1
143	MON	14	01	STATIONID	1
144	MON	14	02	CURRENTS	2
145	MON	14	03	DJPM-141-PLAYONCE	1
146	MON	14	04	ADS	5
147	MON	14	05	CURRENTS	2
148	MON	14	06	DJPMH-142-PLAYONCE	1
149	MON	14	07	ADS	5
150	MON	14	08	CURRENTS	2
151	MON	14	09	FILLTOTOH	1
152	MON	15	01	STATIONID	1
153	MON	15	02	CURRENTS	2
154	MON	15	03	DJPM-151-PLAYONCE	1
155	MON	15	04	ADS	5
156	MON	15	05	CURRENTS	2
157	MON	15	06	DJPMH-152-PLAYONCE	1
158	MON	15	07	ADS	5
159	MON	15	08	CURRENTS	2
160	MON	15	09	FILLTOTOH	1
161	MON	16	01	STATIONID	1
162	MON	16	02	CURRENTS	2
163	MON	16	03	DJPM-161-PLAYONCE	1
164	MON	16	04	ADS	5
165	MON	16	05	CURRENTS	2
166	MON	16	06	DJPMH-162-PLAYONCE	1
167	MON	16	07	ADS	5
168	MON	16	08	CURRENTS	2
169	MON	16	09	FILLTOTOH	1
170	MON	17	01	STATIONID	1
171	MON	17	02	CURRENTS	2
172	MON	17	03	DJPM-171-PLAYONCE	1
173	MON	17	04	ADS	5
174	MON	17	05	CURRENTS	2
175	MON	17	06	DJPMH-172-PLAYONCE	1
176	MON	17	07	ADS	5
177	MON	17	08	CURRENTS	2
178	MON	17	09	FILLTOTOH	1
179	MON	18	01	STATIONID	1
180	MON	18	02	CURRENTS	2
181	MON	18	03	DJPM-181-PLAYONCE	1
182	MON	18	04	ADS	5
183	MON	18	05	CURRENTS	2
184	MON	18	06	DJPMH-182-PLAYONCE	1
185	MON	18	07	ADS	5
186	MON	18	08	CURRENTS	2
187	MON	18	09	FILLTOTOH	1
188	MON	19	01	STATIONID	1
189	MON	19	02	PROMOS	1
190	MON	19	03	CURRENTS	1
191	MON	19	04	IMAGINGID	1
192	MON	19	05	ADS	2
193	MON	19	06	RECURRENTS	3
194	MON	19	07	IMAGINGID	1
195	MON	19	08	CURRENTS	1
196	MON	19	09	RECURRENTS	2
197	MON	19	10	IMAGINGID	1
198	MON	19	11	ADS	2
199	MON	19	12	FILLTOTOH	1
200	MON	20	01	STATIONID	1
201	MON	20	02	PROMOS	1
202	MON	20	03	CURRENTS	1
203	MON	20	04	IMAGINGID	1
204	MON	20	05	ADS	2
205	MON	20	06	RECURRENTS	3
206	MON	20	07	IMAGINGID	1
207	MON	20	08	CURRENTS	1
208	MON	20	09	RECURRENTS	2
209	MON	20	10	IMAGINGID	1
210	MON	20	11	ADS	2
211	MON	20	12	FILLTOTOH	1
212	MON	21	01	STATIONID	1
213	MON	21	02	PROMOS	1
214	MON	21	03	CURRENTS	1
215	MON	21	04	IMAGINGID	1
216	MON	21	05	ADS	2
217	MON	21	06	RECURRENTS	3
218	MON	21	07	IMAGINGID	1
219	MON	21	08	CURRENTS	1
220	MON	21	09	RECURRENTS	2
221	MON	21	10	IMAGINGID	1
222	MON	21	11	ADS	2
223	MON	21	12	FILLTOTOH	1
224	MON	22	01	STATIONID	1
225	MON	22	02	PROMOS	1
226	MON	22	03	CURRENTS	1
227	MON	22	04	IMAGINGID	1
228	MON	22	05	ADS	2
229	MON	22	06	RECURRENTS	3
230	MON	22	07	IMAGINGID	1
231	MON	22	08	CURRENTS	1
232	MON	22	09	RECURRENTS	2
233	MON	22	10	IMAGINGID	1
234	MON	22	11	ADS	2
235	MON	22	12	FILLTOTOH	1
236	MON	23	01	STATIONID	1
237	MON	23	02	PROMOS	1
238	MON	23	03	CURRENTS	1
239	MON	23	04	IMAGINGID	1
240	MON	23	05	ADS	2
241	MON	23	06	RECURRENTS	3
242	MON	23	07	IMAGINGID	1
243	MON	23	08	CURRENTS	1
244	MON	23	09	RECURRENTS	2
245	MON	23	10	IMAGINGID	1
246	MON	23	11	ADS	2
247	MON	23	12	FILLTOTOH	1
248	TUE	00	01	STATIONID	1
249	TUE	00	02	PROMOS	1
250	TUE	00	03	ADS	1
251	TUE	00	03	ADS	2
252	TUE	00	03	ADS	2
253	TUE	00	03	ADS	2
254	TUE	00	03	ADS	2
255	TUE	00	03	ADS	2
256	TUE	00	04	CURRENTS	1
257	TUE	00	05	IMAGINGID	1
258	TUE	00	06	RECURRENTS	3
259	TUE	00	07	IMAGINGID	1
260	TUE	00	08	ADS	2
261	TUE	00	08	CURRENTS	1
262	TUE	00	08	ADS	2
263	TUE	00	08	ADS	2
264	TUE	00	08	ADS	2
265	TUE	00	08	ADS	2
266	TUE	00	09	ADS	2
267	TUE	00	10	RECURRENTS	2
268	TUE	00	11	FILLTOTOH	1
269	TUE	01	01	STATIONID	1
270	TUE	01	02	PROMOS	1
271	TUE	01	04	CURRENTS	1
272	TUE	01	05	IMAGINGID	1
273	TUE	01	06	RECURRENTS	3
274	TUE	01	07	IMAGINGID	1
275	TUE	01	09	CURRENTS	1
276	TUE	01	10	RECURRENTS	2
277	TUE	01	11	FILLTOTOH	1
278	TUE	02	01	STATIONID	1
279	TUE	02	02	PROMOS	1
280	TUE	02	04	CURRENTS	1
281	TUE	02	05	IMAGINGID	1
282	TUE	02	06	RECURRENTS	3
283	TUE	02	07	IMAGINGID	1
284	TUE	02	09	CURRENTS	1
285	TUE	02	10	RECURRENTS	2
286	TUE	02	11	FILLTOTOH	1
287	TUE	03	01	STATIONID	1
288	TUE	03	02	PROMOS	1
289	TUE	03	04	CURRENTS	1
290	TUE	03	05	IMAGINGID	1
291	TUE	03	06	RECURRENTS	3
292	TUE	03	07	IMAGINGID	1
293	TUE	03	09	CURRENTS	1
294	TUE	03	10	RECURRENTS	2
295	TUE	03	11	FILLTOTOH	1
296	TUE	04	01	STATIONID	1
297	TUE	04	02	PROMOS	1
298	TUE	04	04	CURRENTS	1
299	TUE	04	05	IMAGINGID	1
300	TUE	04	06	RECURRENTS	3
301	TUE	04	07	IMAGINGID	1
302	TUE	04	09	CURRENTS	1
303	TUE	04	10	RECURRENTS	2
304	TUE	04	11	FILLTOTOH	1
305	TUE	05	01	STATIONID	1
306	TUE	05	02	PROMOS	1
307	TUE	05	04	CURRENTS	1
308	TUE	05	05	IMAGINGID	1
309	TUE	05	06	RECURRENTS	3
310	TUE	05	07	IMAGINGID	1
311	TUE	05	09	CURRENTS	1
312	TUE	05	10	RECURRENTS	2
313	TUE	05	11	FILLTOTOH	1
314	TUE	06	01	STATIONID	1
315	TUE	06	02	CURRENTS	2
316	TUE	06	03	IMAGINGID	1
317	TUE	06	04	RECURRENTS	3
318	TUE	06	04	ADS	5
319	TUE	06	04	ADS	5
320	TUE	06	06	NWS-1-PLAYONCE	1
321	TUE	06	07	CURRENTS	2
322	TUE	06	08	FILLTOTOH	1
323	TUE	07	01	STATIONID	1
324	TUE	07	02	CURRENTS	2
325	TUE	07	03	DJAM-71-PLAYONCE	1
326	TUE	07	04	ADS	5
327	TUE	07	05	NWS-2-PLAYONCE	1
328	TUE	07	06	RECURRENTS	3
329	TUE	07	07	DJAM-72-PLAYONCE	1
330	TUE	07	08	ADS	5
331	TUE	07	09	NWS-3-PLAYONCE	1
332	TUE	07	10	CURRENTS	1
333	TUE	07	11	FILLTOTOH	1
334	TUE	08	01	STATIONID	1
335	TUE	08	02	CURRENTS	5
336	TUE	08	03	DJAM-81-PLAYONCE	1
337	TUE	08	04	ADS	2
338	TUE	08	05	NWS-4-PLAYONCE	1
339	TUE	08	06	RECURRENTS	3
340	TUE	08	07	DJAM-82-PLAYONCE	1
341	TUE	08	08	ADS	5
342	TUE	08	09	NWS-5-PLAYONCE	1
343	TUE	08	10	CURRENTS	1
344	TUE	08	11	FILLTOTOH	1
345	TUE	09	01	STATIONID	1
346	TUE	09	02	CURRENTS	2
347	TUE	09	03	DJAM-91-PLAYONCE	1
348	TUE	09	04	ADS	5
349	TUE	09	05	CURRENTS	2
350	TUE	09	06	DJAM-92-PLAYONCE	1
351	TUE	09	07	ADS	5
352	TUE	09	08	CURRENTS	2
353	TUE	09	09	FILLTOTOH	1
354	TUE	10	01	STATIONID	1
355	TUE	10	02	CURRENTS	2
356	TUE	10	03	DJAM-101-PLAYONCE	1
357	TUE	10	04	ADS	5
358	TUE	10	05	CURRENTS	2
359	TUE	10	06	DJAM-102-PLAYONCE	1
360	TUE	10	07	ADS	5
361	TUE	10	08	CURRENTS	2
362	TUE	10	09	FILLTOTOH	1
363	TUE	11	01	STATIONID	1
364	TUE	11	02	CURRENTS	2
365	TUE	11	03	DJAM-111-PLAYONCE	1
366	TUE	11	04	ADS	5
367	TUE	11	05	CURRENTS	2
368	TUE	11	06	DJAM-112-PLAYONCE	1
369	TUE	11	07	ADS	5
370	TUE	11	08	CURRENTS	2
371	TUE	11	09	FILLTOTOH	1
372	TUE	12	01	STATIONID	1
373	TUE	12	02	CURRENTS	2
374	TUE	12	03	DJPM-121-PLAYONCE	1
375	TUE	12	04	ADS	5
376	TUE	12	05	CURRENTS	2
377	TUE	12	06	DJPMH-122-PLAYONCE	1
378	TUE	12	07	ADS	5
379	TUE	12	08	CURRENTS	2
380	TUE	12	09	FILLTOTOH	1
381	TUE	13	01	STATIONID	1
382	TUE	13	02	CURRENTS	2
383	TUE	13	03	DJPM-121-PLAYONCE	1
384	TUE	13	04	ADS	5
385	TUE	13	05	CURRENTS	2
386	TUE	13	06	DJPMH-122-PLAYONCE	1
387	TUE	13	07	ADS	5
388	TUE	13	08	CURRENTS	2
389	TUE	13	09	FILLTOTOH	1
390	TUE	14	01	STATIONID	1
391	TUE	14	02	CURRENTS	2
392	TUE	14	03	DJPM-141-PLAYONCE	1
393	TUE	14	04	ADS	5
394	TUE	14	05	CURRENTS	2
395	TUE	14	06	DJPMH-142-PLAYONCE	1
396	TUE	14	07	ADS	5
397	TUE	14	08	CURRENTS	2
398	TUE	14	09	FILLTOTOH	1
399	TUE	15	01	STATIONID	1
400	TUE	15	02	CURRENTS	2
401	TUE	15	03	DJPM-151-PLAYONCE	1
402	TUE	15	04	ADS	5
403	TUE	15	05	CURRENTS	2
404	TUE	15	06	DJPMH-152-PLAYONCE	1
405	TUE	15	07	ADS	5
406	TUE	15	08	CURRENTS	2
407	TUE	15	09	FILLTOTOH	1
408	TUE	16	01	STATIONID	1
409	TUE	16	02	CURRENTS	2
410	TUE	16	03	DJPM-161-PLAYONCE	1
411	TUE	16	04	ADS	5
412	TUE	16	05	CURRENTS	2
413	TUE	16	06	DJPMH-162-PLAYONCE	1
414	TUE	16	07	ADS	5
415	TUE	16	08	CURRENTS	2
416	TUE	16	09	FILLTOTOH	1
417	TUE	17	01	STATIONID	1
418	TUE	17	02	CURRENTS	2
419	TUE	17	03	DJPM-171-PLAYONCE	1
420	TUE	17	04	ADS	5
421	TUE	17	05	CURRENTS	2
422	TUE	17	06	DJPMH-172-PLAYONCE	1
423	TUE	17	07	ADS	5
424	TUE	17	08	CURRENTS	2
425	TUE	17	09	FILLTOTOH	1
426	TUE	18	01	STATIONID	1
427	TUE	18	02	CURRENTS	2
428	TUE	18	03	DJPM-181-PLAYONCE	1
429	TUE	18	04	ADS	5
430	TUE	18	05	CURRENTS	2
431	TUE	18	06	DJPMH-182-PLAYONCE	1
432	TUE	18	07	ADS	5
433	TUE	18	08	CURRENTS	2
434	TUE	18	09	FILLTOTOH	1
435	TUE	19	01	STATIONID	1
436	TUE	19	02	PROMOS	1
437	TUE	19	03	CURRENTS	1
438	TUE	19	04	IMAGINGID	1
439	TUE	19	05	ADS	2
440	TUE	19	06	RECURRENTS	3
441	TUE	19	07	IMAGINGID	1
442	TUE	19	08	CURRENTS	1
443	TUE	19	09	RECURRENTS	2
444	TUE	19	10	IMAGINGID	1
445	TUE	19	11	ADS	2
446	TUE	19	12	FILLTOTOH	1
447	TUE	20	01	STATIONID	1
448	TUE	20	02	PROMOS	1
449	TUE	20	03	CURRENTS	1
450	TUE	20	04	IMAGINGID	1
451	TUE	20	05	ADS	2
452	TUE	20	06	RECURRENTS	3
453	TUE	20	07	IMAGINGID	1
454	TUE	20	08	CURRENTS	1
455	TUE	20	09	RECURRENTS	2
456	TUE	20	10	IMAGINGID	1
457	TUE	20	11	ADS	2
458	TUE	20	12	FILLTOTOH	1
459	TUE	21	01	STATIONID	1
460	TUE	21	02	PROMOS	1
461	TUE	21	03	CURRENTS	1
462	TUE	21	04	IMAGINGID	1
463	TUE	21	05	ADS	2
464	TUE	21	06	RECURRENTS	3
465	TUE	21	07	IMAGINGID	1
466	TUE	21	08	CURRENTS	1
467	TUE	21	09	RECURRENTS	2
468	TUE	21	10	IMAGINGID	1
469	TUE	21	11	ADS	2
470	TUE	21	12	FILLTOTOH	1
471	TUE	22	01	STATIONID	1
472	TUE	22	02	PROMOS	1
473	TUE	22	03	CURRENTS	1
474	TUE	22	04	IMAGINGID	1
475	TUE	22	05	ADS	2
476	TUE	22	06	RECURRENTS	3
477	TUE	22	07	IMAGINGID	1
478	TUE	22	08	CURRENTS	1
479	TUE	22	09	RECURRENTS	2
480	TUE	22	10	IMAGINGID	1
481	TUE	22	11	ADS	2
482	TUE	22	12	FILLTOTOH	1
483	TUE	23	01	STATIONID	1
484	TUE	23	02	PROMOS	1
485	TUE	23	03	CURRENTS	1
486	TUE	23	04	IMAGINGID	1
487	TUE	23	05	ADS	2
488	TUE	23	06	RECURRENTS	3
489	TUE	23	07	IMAGINGID	1
490	TUE	23	08	CURRENTS	1
491	TUE	23	09	RECURRENTS	2
492	TUE	23	10	IMAGINGID	1
493	TUE	23	11	ADS	2
494	TUE	23	12	FILLTOTOH	1
495	WED	00	01	STATIONID	1
496	WED	00	02	PROMOS	1
497	WED	00	03	ADS	1
498	WED	00	03	ADS	2
499	WED	00	03	ADS	2
500	WED	00	03	ADS	2
501	WED	00	03	ADS	2
502	WED	00	03	ADS	2
503	WED	00	04	CURRENTS	1
504	WED	00	05	IMAGINGID	1
505	WED	00	06	RECURRENTS	3
506	WED	00	07	IMAGINGID	1
507	WED	00	08	ADS	2
508	WED	00	08	CURRENTS	1
509	WED	00	08	ADS	2
510	WED	00	08	ADS	2
511	WED	00	08	ADS	2
512	WED	00	08	ADS	2
513	WED	00	09	ADS	2
514	WED	00	10	RECURRENTS	2
515	WED	00	11	FILLTOTOH	1
516	WED	01	01	STATIONID	1
517	WED	01	02	PROMOS	1
518	WED	01	04	CURRENTS	1
519	WED	01	05	IMAGINGID	1
520	WED	01	06	RECURRENTS	3
521	WED	01	07	IMAGINGID	1
522	WED	01	09	CURRENTS	1
523	WED	01	10	RECURRENTS	2
524	WED	01	11	FILLTOTOH	1
525	WED	02	01	STATIONID	1
526	WED	02	02	PROMOS	1
527	WED	02	04	CURRENTS	1
528	WED	02	05	IMAGINGID	1
529	WED	02	06	RECURRENTS	3
530	WED	02	07	IMAGINGID	1
531	WED	02	09	CURRENTS	1
532	WED	02	10	RECURRENTS	2
533	WED	02	11	FILLTOTOH	1
534	WED	03	01	STATIONID	1
535	WED	03	02	PROMOS	1
536	WED	03	04	CURRENTS	1
537	WED	03	05	IMAGINGID	1
538	WED	03	06	RECURRENTS	3
539	WED	03	07	IMAGINGID	1
540	WED	03	09	CURRENTS	1
541	WED	03	10	RECURRENTS	2
542	WED	03	11	FILLTOTOH	1
543	WED	04	01	STATIONID	1
544	WED	04	02	PROMOS	1
545	WED	04	04	CURRENTS	1
546	WED	04	05	IMAGINGID	1
547	WED	04	06	RECURRENTS	3
548	WED	04	07	IMAGINGID	1
549	WED	04	09	CURRENTS	1
550	WED	04	10	RECURRENTS	2
551	WED	04	11	FILLTOTOH	1
552	WED	05	01	STATIONID	1
553	WED	05	02	PROMOS	1
554	WED	05	04	CURRENTS	1
555	WED	05	05	IMAGINGID	1
556	WED	05	06	RECURRENTS	3
557	WED	05	07	IMAGINGID	1
558	WED	05	09	CURRENTS	1
559	WED	05	10	RECURRENTS	2
560	WED	05	11	FILLTOTOH	1
561	WED	06	01	STATIONID	1
562	WED	06	02	CURRENTS	2
563	WED	06	03	IMAGINGID	1
564	WED	06	04	RECURRENTS	3
565	WED	06	04	ADS	5
566	WED	06	04	ADS	5
567	WED	06	06	NWS-1-PLAYONCE	1
568	WED	06	07	CURRENTS	2
569	WED	06	08	FILLTOTOH	1
570	WED	07	01	STATIONID	1
571	WED	07	02	CURRENTS	2
572	WED	07	03	DJAM-71-PLAYONCE	1
573	WED	07	04	ADS	5
574	WED	07	05	NWS-2-PLAYONCE	1
575	WED	07	06	RECURRENTS	3
576	WED	07	07	DJAM-72-PLAYONCE	1
577	WED	07	08	ADS	5
578	WED	07	09	NWS-3-PLAYONCE	1
579	WED	07	10	CURRENTS	1
580	WED	07	11	FILLTOTOH	1
581	WED	08	01	STATIONID	1
582	WED	08	02	CURRENTS	5
583	WED	08	03	DJAM-81-PLAYONCE	1
584	WED	08	04	ADS	2
585	WED	08	05	NWS-4-PLAYONCE	1
586	WED	08	06	RECURRENTS	3
587	WED	08	07	DJAM-82-PLAYONCE	1
588	WED	08	08	ADS	5
589	WED	08	09	NWS-5-PLAYONCE	1
590	WED	08	10	CURRENTS	1
591	WED	08	11	FILLTOTOH	1
592	WED	09	01	STATIONID	1
593	WED	09	02	CURRENTS	2
594	WED	09	03	DJAM-91-PLAYONCE	1
595	WED	09	04	ADS	5
596	WED	09	05	CURRENTS	2
597	WED	09	06	DJAM-92-PLAYONCE	1
598	WED	09	07	ADS	5
599	WED	09	08	CURRENTS	2
600	WED	09	09	FILLTOTOH	1
601	WED	10	01	STATIONID	1
602	WED	10	02	CURRENTS	2
603	WED	10	03	DJAM-101-PLAYONCE	1
604	WED	10	04	ADS	5
605	WED	10	05	CURRENTS	2
606	WED	10	06	DJAM-102-PLAYONCE	1
607	WED	10	07	ADS	5
608	WED	10	08	CURRENTS	2
609	WED	10	09	FILLTOTOH	1
610	WED	11	01	STATIONID	1
611	WED	11	02	CURRENTS	2
612	WED	11	03	DJAM-111-PLAYONCE	1
613	WED	11	04	ADS	5
614	WED	11	05	CURRENTS	2
615	WED	11	06	DJAM-112-PLAYONCE	1
616	WED	11	07	ADS	5
617	WED	11	08	CURRENTS	2
618	WED	11	09	FILLTOTOH	1
619	WED	12	01	STATIONID	1
620	WED	12	02	CURRENTS	2
621	WED	12	03	DJPM-121-PLAYONCE	1
622	WED	12	04	ADS	5
623	WED	12	05	CURRENTS	2
624	WED	12	06	DJPMH-122-PLAYONCE	1
625	WED	12	07	ADS	5
626	WED	12	08	CURRENTS	2
627	WED	12	09	FILLTOTOH	1
628	WED	13	01	STATIONID	1
629	WED	13	02	CURRENTS	2
630	WED	13	03	DJPM-121-PLAYONCE	1
631	WED	13	04	ADS	5
632	WED	13	05	CURRENTS	2
633	WED	13	06	DJPMH-122-PLAYONCE	1
634	WED	13	07	ADS	5
635	WED	13	08	CURRENTS	2
636	WED	13	09	FILLTOTOH	1
637	WED	14	01	STATIONID	1
638	WED	14	02	CURRENTS	2
639	WED	14	03	DJPM-141-PLAYONCE	1
640	WED	14	04	ADS	5
641	WED	14	05	CURRENTS	2
642	WED	14	06	DJPMH-142-PLAYONCE	1
643	WED	14	07	ADS	5
644	WED	14	08	CURRENTS	2
645	WED	14	09	FILLTOTOH	1
646	WED	15	01	STATIONID	1
647	WED	15	02	CURRENTS	2
648	WED	15	03	DJPM-151-PLAYONCE	1
649	WED	15	04	ADS	5
650	WED	15	05	CURRENTS	2
651	WED	15	06	DJPMH-152-PLAYONCE	1
652	WED	15	07	ADS	5
653	WED	15	08	CURRENTS	2
654	WED	15	09	FILLTOTOH	1
655	WED	16	01	STATIONID	1
656	WED	16	02	CURRENTS	2
657	WED	16	03	DJPM-161-PLAYONCE	1
658	WED	16	04	ADS	5
659	WED	16	05	CURRENTS	2
660	WED	16	06	DJPMH-162-PLAYONCE	1
661	WED	16	07	ADS	5
662	WED	16	08	CURRENTS	2
663	WED	16	09	FILLTOTOH	1
664	WED	17	01	STATIONID	1
665	WED	17	02	CURRENTS	2
666	WED	17	03	DJPM-171-PLAYONCE	1
667	WED	17	04	ADS	5
668	WED	17	05	CURRENTS	2
669	WED	17	06	DJPMH-172-PLAYONCE	1
670	WED	17	07	ADS	5
671	WED	17	08	CURRENTS	2
672	WED	17	09	FILLTOTOH	1
673	WED	18	01	STATIONID	1
674	WED	18	02	CURRENTS	2
675	WED	18	03	DJPM-181-PLAYONCE	1
676	WED	18	04	ADS	5
677	WED	18	05	CURRENTS	2
678	WED	18	06	DJPMH-182-PLAYONCE	1
679	WED	18	07	ADS	5
680	WED	18	08	CURRENTS	2
681	WED	18	09	FILLTOTOH	1
682	WED	19	01	STATIONID	1
683	WED	19	02	PROMOS	1
684	WED	19	03	CURRENTS	1
685	WED	19	04	IMAGINGID	1
686	WED	19	05	ADS	2
687	WED	19	06	RECURRENTS	3
688	WED	19	07	IMAGINGID	1
689	WED	19	08	CURRENTS	1
690	WED	19	09	RECURRENTS	2
691	WED	19	10	IMAGINGID	1
692	WED	19	11	ADS	2
693	WED	19	12	FILLTOTOH	1
694	WED	20	01	STATIONID	1
695	WED	20	02	PROMOS	1
696	WED	20	03	CURRENTS	1
697	WED	20	04	IMAGINGID	1
698	WED	20	05	ADS	2
699	WED	20	06	RECURRENTS	3
700	WED	20	07	IMAGINGID	1
701	WED	20	08	CURRENTS	1
702	WED	20	09	RECURRENTS	2
703	WED	20	10	IMAGINGID	1
704	WED	20	11	ADS	2
705	WED	20	12	FILLTOTOH	1
706	WED	21	01	STATIONID	1
707	WED	21	02	PROMOS	1
708	WED	21	03	CURRENTS	1
709	WED	21	04	IMAGINGID	1
710	WED	21	05	ADS	2
711	WED	21	06	RECURRENTS	3
712	WED	21	07	IMAGINGID	1
713	WED	21	08	CURRENTS	1
714	WED	21	09	RECURRENTS	2
715	WED	21	10	IMAGINGID	1
716	WED	21	11	ADS	2
717	WED	21	12	FILLTOTOH	1
718	WED	22	01	STATIONID	1
719	WED	22	02	PROMOS	1
720	WED	22	03	CURRENTS	1
721	WED	22	04	IMAGINGID	1
722	WED	22	05	ADS	2
723	WED	22	06	RECURRENTS	3
724	WED	22	07	IMAGINGID	1
725	WED	22	08	CURRENTS	1
726	WED	22	09	RECURRENTS	2
727	WED	22	10	IMAGINGID	1
728	WED	22	11	ADS	2
729	WED	22	12	FILLTOTOH	1
730	WED	23	01	STATIONID	1
731	WED	23	02	PROMOS	1
732	WED	23	03	CURRENTS	1
733	WED	23	04	IMAGINGID	1
734	WED	23	05	ADS	2
735	WED	23	06	RECURRENTS	3
736	WED	23	07	IMAGINGID	1
737	WED	23	08	CURRENTS	1
738	WED	23	09	RECURRENTS	2
739	WED	23	10	IMAGINGID	1
740	WED	23	11	ADS	2
741	WED	23	12	FILLTOTOH	1
\.


--
-- Data for Name: traffic; Type: TABLE DATA; Schema: public; Owner: postgres
--

COPY public.traffic (rowid, artist, song, album, playedon) FROM stdin;
\.


--
-- Name: categories_rowid_seq; Type: SEQUENCE SET; Schema: public; Owner: postgres
--

SELECT pg_catalog.setval('public.categories_rowid_seq', 38, true);


--
-- Name: days_rowid_seq; Type: SEQUENCE SET; Schema: public; Owner: postgres
--

SELECT pg_catalog.setval('public.days_rowid_seq', 7, true);


--
-- Name: hours_rowid_seq; Type: SEQUENCE SET; Schema: public; Owner: postgres
--

SELECT pg_catalog.setval('public.hours_rowid_seq', 24, true);


--
-- Name: inventory_rowid_seq; Type: SEQUENCE SET; Schema: public; Owner: postgres
--

SELECT pg_catalog.setval('public.inventory_rowid_seq', 58, true);


--
-- Name: schedule_rowid_seq; Type: SEQUENCE SET; Schema: public; Owner: postgres
--

SELECT pg_catalog.setval('public.schedule_rowid_seq', 741, true);


--
-- Name: traffic_rowid_seq; Type: SEQUENCE SET; Schema: public; Owner: postgres
--

SELECT pg_catalog.setval('public.traffic_rowid_seq', 1, false);


--
-- Name: categories categories_pkey; Type: CONSTRAINT; Schema: public; Owner: postgres
--

ALTER TABLE ONLY public.categories
    ADD CONSTRAINT categories_pkey PRIMARY KEY (rowid);


--
-- Name: days days_pkey; Type: CONSTRAINT; Schema: public; Owner: postgres
--

ALTER TABLE ONLY public.days
    ADD CONSTRAINT days_pkey PRIMARY KEY (rowid);


--
-- Name: hours hours_pkey; Type: CONSTRAINT; Schema: public; Owner: postgres
--

ALTER TABLE ONLY public.hours
    ADD CONSTRAINT hours_pkey PRIMARY KEY (rowid);


--
-- Name: inventory inventory_pkey; Type: CONSTRAINT; Schema: public; Owner: postgres
--

ALTER TABLE ONLY public.inventory
    ADD CONSTRAINT inventory_pkey PRIMARY KEY (rowid);


--
-- Name: schedule schedule_pkey; Type: CONSTRAINT; Schema: public; Owner: postgres
--

ALTER TABLE ONLY public.schedule
    ADD CONSTRAINT schedule_pkey PRIMARY KEY (rowid);


--
-- Name: traffic traffic_pkey; Type: CONSTRAINT; Schema: public; Owner: postgres
--

ALTER TABLE ONLY public.traffic
    ADD CONSTRAINT traffic_pkey PRIMARY KEY (rowid);


--
-- Name: categoriesindex; Type: INDEX; Schema: public; Owner: postgres
--

CREATE INDEX categoriesindex ON public.categories USING btree (id);


--
-- Name: dayindex; Type: INDEX; Schema: public; Owner: postgres
--

CREATE INDEX dayindex ON public.days USING btree (dayofweek);


--
-- Name: hoursindex; Type: INDEX; Schema: public; Owner: postgres
--

CREATE INDEX hoursindex ON public.hours USING btree (id);


--
-- Name: inventorybyartist; Type: INDEX; Schema: public; Owner: postgres
--

CREATE INDEX inventorybyartist ON public.inventory USING btree (artist, song);


--
-- Name: inventorybycategorysong; Type: INDEX; Schema: public; Owner: postgres
--

CREATE INDEX inventorybycategorysong ON public.inventory USING btree (category, song);


--
-- Name: inventoryplayget; Type: INDEX; Schema: public; Owner: postgres
--

CREATE INDEX inventoryplayget ON public.inventory USING btree (category, lastplayed, rndorder);


--
-- Name: scheduleindex; Type: INDEX; Schema: public; Owner: postgres
--

CREATE INDEX scheduleindex ON public.schedule USING btree (days, hours, "position");


--
-- Name: trafficbyartist; Type: INDEX; Schema: public; Owner: postgres
--

CREATE INDEX trafficbyartist ON public.traffic USING btree (artist, song, album);


--
-- PostgreSQL database dump complete
--

