--
-- PostgreSQL database dump
--

-- Dumped from database version 17.1 (Ubuntu 17.1-1.pgdg22.04+1)
-- Dumped by pg_dump version 17.1 (Ubuntu 17.1-1.pgdg22.04+1)

SET statement_timeout = 0;
SET lock_timeout = 0;
SET idle_in_transaction_session_timeout = 0;
SET transaction_timeout = 0;
SET client_encoding = 'UTF8';
SET standard_conforming_strings = on;
SELECT pg_catalog.set_config('search_path', '', false);
SET check_function_bodies = false;
SET xmloption = content;
SET client_min_messages = warning;
SET row_security = off;

SET default_tablespace = '';

SET default_table_access_method = heap;

--
-- Name: categories; Type: TABLE; Schema: public; Owner: postgres
--

CREATE TABLE public.categories (
    rowid integer NOT NULL,
    id character varying(32),
    description text NOT NULL
);


ALTER TABLE public.categories OWNER TO postgres;

--
-- Name: categories_rowid_seq; Type: SEQUENCE; Schema: public; Owner: postgres
--

CREATE SEQUENCE public.categories_rowid_seq
    AS integer
    START WITH 1
    INCREMENT BY 1
    NO MINVALUE
    NO MAXVALUE
    CACHE 1;


ALTER SEQUENCE public.categories_rowid_seq OWNER TO postgres;

--
-- Name: categories_rowid_seq; Type: SEQUENCE OWNED BY; Schema: public; Owner: postgres
--

ALTER SEQUENCE public.categories_rowid_seq OWNED BY public.categories.rowid;


--
-- Name: days; Type: TABLE; Schema: public; Owner: postgres
--

CREATE TABLE public.days (
    rowid integer NOT NULL,
    id character(3),
    description text NOT NULL,
    dayofweek integer
);


ALTER TABLE public.days OWNER TO postgres;

--
-- Name: days_rowid_seq; Type: SEQUENCE; Schema: public; Owner: postgres
--

CREATE SEQUENCE public.days_rowid_seq
    AS integer
    START WITH 1
    INCREMENT BY 1
    NO MINVALUE
    NO MAXVALUE
    CACHE 1;


ALTER SEQUENCE public.days_rowid_seq OWNER TO postgres;

--
-- Name: days_rowid_seq; Type: SEQUENCE OWNED BY; Schema: public; Owner: postgres
--

ALTER SEQUENCE public.days_rowid_seq OWNED BY public.days.rowid;


--
-- Name: hours; Type: TABLE; Schema: public; Owner: postgres
--

CREATE TABLE public.hours (
    rowid integer NOT NULL,
    id character(2),
    description text NOT NULL
);


ALTER TABLE public.hours OWNER TO postgres;

--
-- Name: hours_rowid_seq; Type: SEQUENCE; Schema: public; Owner: postgres
--

CREATE SEQUENCE public.hours_rowid_seq
    AS integer
    START WITH 1
    INCREMENT BY 1
    NO MINVALUE
    NO MAXVALUE
    CACHE 1;


ALTER SEQUENCE public.hours_rowid_seq OWNER TO postgres;

--
-- Name: hours_rowid_seq; Type: SEQUENCE OWNED BY; Schema: public; Owner: postgres
--

ALTER SEQUENCE public.hours_rowid_seq OWNED BY public.hours.rowid;


--
-- Name: inventory; Type: TABLE; Schema: public; Owner: postgres
--

CREATE TABLE public.inventory (
    rowid integer NOT NULL,
    category character varying(32) NOT NULL,
    artist text NOT NULL,
    song text NOT NULL,
    album text,
    songlength integer,
    rndorder text,
    startson text,
    expireson text,
    lastplayed text,
    dateadded text,
    spinstoday integer,
    spinsweek integer,
    spinstotal integer,
    sourcelink text
);


ALTER TABLE public.inventory OWNER TO postgres;

--
-- Name: inventory_rowid_seq; Type: SEQUENCE; Schema: public; Owner: postgres
--

CREATE SEQUENCE public.inventory_rowid_seq
    AS integer
    START WITH 1
    INCREMENT BY 1
    NO MINVALUE
    NO MAXVALUE
    CACHE 1;


ALTER SEQUENCE public.inventory_rowid_seq OWNER TO postgres;

--
-- Name: inventory_rowid_seq; Type: SEQUENCE OWNED BY; Schema: public; Owner: postgres
--

ALTER SEQUENCE public.inventory_rowid_seq OWNED BY public.inventory.rowid;


--
-- Name: schedule; Type: TABLE; Schema: public; Owner: postgres
--

CREATE TABLE public.schedule (
    rowid integer NOT NULL,
    days character varying(3),
    hours character(2),
    "position" character(2),
    categories character varying(32),
    spinstoplay integer
);


ALTER TABLE public.schedule OWNER TO postgres;

--
-- Name: schedule_rowid_seq; Type: SEQUENCE; Schema: public; Owner: postgres
--

CREATE SEQUENCE public.schedule_rowid_seq
    AS integer
    START WITH 1
    INCREMENT BY 1
    NO MINVALUE
    NO MAXVALUE
    CACHE 1;


ALTER SEQUENCE public.schedule_rowid_seq OWNER TO postgres;

--
-- Name: schedule_rowid_seq; Type: SEQUENCE OWNED BY; Schema: public; Owner: postgres
--

ALTER SEQUENCE public.schedule_rowid_seq OWNED BY public.schedule.rowid;


--
-- Name: traffic; Type: TABLE; Schema: public; Owner: postgres
--

CREATE TABLE public.traffic (
    rowid integer NOT NULL,
    artist text NOT NULL,
    song text NOT NULL,
    album text,
    playedon text
);


ALTER TABLE public.traffic OWNER TO postgres;

--
-- Name: traffic_rowid_seq; Type: SEQUENCE; Schema: public; Owner: postgres
--

CREATE SEQUENCE public.traffic_rowid_seq
    AS integer
    START WITH 1
    INCREMENT BY 1
    NO MINVALUE
    NO MAXVALUE
    CACHE 1;


ALTER SEQUENCE public.traffic_rowid_seq OWNER TO postgres;

--
-- Name: traffic_rowid_seq; Type: SEQUENCE OWNED BY; Schema: public; Owner: postgres
--

ALTER SEQUENCE public.traffic_rowid_seq OWNED BY public.traffic.rowid;


--
-- Name: categories rowid; Type: DEFAULT; Schema: public; Owner: postgres
--

ALTER TABLE ONLY public.categories ALTER COLUMN rowid SET DEFAULT nextval('public.categories_rowid_seq'::regclass);


--
-- Name: days rowid; Type: DEFAULT; Schema: public; Owner: postgres
--

ALTER TABLE ONLY public.days ALTER COLUMN rowid SET DEFAULT nextval('public.days_rowid_seq'::regclass);


--
-- Name: hours rowid; Type: DEFAULT; Schema: public; Owner: postgres
--

ALTER TABLE ONLY public.hours ALTER COLUMN rowid SET DEFAULT nextval('public.hours_rowid_seq'::regclass);


--
-- Name: inventory rowid; Type: DEFAULT; Schema: public; Owner: postgres
--

ALTER TABLE ONLY public.inventory ALTER COLUMN rowid SET DEFAULT nextval('public.inventory_rowid_seq'::regclass);


--
-- Name: schedule rowid; Type: DEFAULT; Schema: public; Owner: postgres
--

ALTER TABLE ONLY public.schedule ALTER COLUMN rowid SET DEFAULT nextval('public.schedule_rowid_seq'::regclass);


--
-- Name: traffic rowid; Type: DEFAULT; Schema: public; Owner: postgres
--

ALTER TABLE ONLY public.traffic ALTER COLUMN rowid SET DEFAULT nextval('public.traffic_rowid_seq'::regclass);


--
-- Data for Name: categories; Type: TABLE DATA; Schema: public; Owner: postgres
--

COPY public.categories (rowid, id, description) FROM stdin;
1	VIDEOSTATIONID	VIDEO Station ID
2	VIDEOIMAGINGID	VIDEO Imaging ID
3	VIDEONEXT	VIDEO Play Next
4	VIDEOADDS	VIDEO  Advertising
5	VIDEO	VIDEO Library
6	STATIONID	Station ID
7	IMAGINGID	Imaging ID
8	NEXT	Play Next
9	LIVE	Live
10	ADDSTOH	ADDS - Advertising Top Of Hour
11	ADDSDRIVETIME	ADDS - Advertising Drive Time
12	ADDS	ADDS - Advertising
13	TOP40	Top 40 MUSIC
14	ROOTS	Roots MUSIC
15	MUSIC	Music Library
16	FILLTOTOH	Fill To TOH Schedule
17	NWS	News Weather Sports
\.


--
-- Data for Name: days; Type: TABLE DATA; Schema: public; Owner: postgres
--

COPY public.days (rowid, id, description, dayofweek) FROM stdin;
1	MON	Monday	1
2	TUE	Tuesday	2
3	WED	Wednesday	3
4	THU	Thursday	4
5	FRI	Friday	5
6	SAT	Saturday	6
7	SUN	Sunday	7
\.


--
-- Data for Name: hours; Type: TABLE DATA; Schema: public; Owner: postgres
--

COPY public.hours (rowid, id, description) FROM stdin;
1	00	Hour Part 00
2	01	Hour Part 01
3	02	Hour Part 02
4	03	Hour Part 03
5	04	Hour Part 04
6	05	Hour Part 05
7	06	Hour Part 06
8	07	Hour Part 07
9	08	Hour Part 08
10	09	Hour Part 09
11	10	Hour Part 10
12	11	Hour Part 11
13	12	Hour Part 12
14	13	Hour Part 13
15	14	Hour Part 14
16	15	Hour Part 15
17	16	Hour Part 16
18	17	Hour Part 17
19	18	Hour Part 18
20	19	Hour Part 19
21	20	Hour Part 20
22	21	Hour Part 21
23	22	Hour Part 22
24	23	Hour Part 23
\.


--
-- Data for Name: inventory; Type: TABLE DATA; Schema: public; Owner: postgres
--

COPY public.inventory (rowid, category, artist, song, album, songlength, rndorder, startson, expireson, lastplayed, dateadded, spinstoday, spinsweek, spinstotal, sourcelink) FROM stdin;
1	ADS	ad1	ad1	ad1	0	000000	2023-12-31 00:00:00	9999-12-31 00:00:00	1999-01-01 00:00:00	2025-09-01 00:00:00	0	0	0	Stub
2	ADS	ad10	ad10	ad10	0	000000	2023-12-31 00:00:00	9999-12-31 00:00:00	1999-01-01 00:00:00	2025-09-01 00:00:00	0	0	0	Stub
3	ADS	ad2	ad2	ad2	0	000000	2023-12-31 00:00:00	9999-12-31 00:00:00	1999-01-01 00:00:00	2025-09-01 00:00:00	0	0	0	Stub
4	ADS	ad3	ad3	ad3	0	000000	2023-12-31 00:00:00	9999-12-31 00:00:00	1999-01-01 00:00:00	2025-09-01 00:00:00	0	0	0	Stub
5	ADS	ad4	ad4	ad4	0	000000	2023-12-31 00:00:00	9999-12-31 00:00:00	1999-01-01 00:00:00	2025-09-01 00:00:00	0	0	0	Stub
6	ADS	ad5	ad5	ad5	0	000000	2023-12-31 00:00:00	9999-12-31 00:00:00	1999-01-01 00:00:00	2025-09-01 00:00:00	0	0	0	Stub
7	ADS	ad6	ad6	ad6	0	000000	2023-12-31 00:00:00	9999-12-31 00:00:00	1999-01-01 00:00:00	2025-09-01 00:00:00	0	0	0	Stub
8	ADS	ad7	ad7	ad7	0	000000	2023-12-31 00:00:00	9999-12-31 00:00:00	1999-01-01 00:00:00	2025-09-01 00:00:00	0	0	0	Stub
9	ADS	ad8	ad8	ad8	0	000000	2023-12-31 00:00:00	9999-12-31 00:00:00	1999-01-01 00:00:00	2025-09-01 00:00:00	0	0	0	Stub
10	ADS	ad9	ad9	ad9	0	000000	2023-12-31 00:00:00	9999-12-31 00:00:00	1999-01-01 00:00:00	2025-09-01 00:00:00	0	0	0	Stub
11	CURRENTS	c1	c1	c1	0	000000	2023-12-31 00:00:00	9999-12-31 00:00:00	1999-01-01 00:00:00	2025-09-01 00:00:00	0	0	0	Stub
12	CURRENTS	c1	c1	c1INTRO	0	000000	2023-12-31 00:00:00	9999-12-31 00:00:00	1999-01-01 00:00:00	2025-09-01 00:00:00	0	0	0	Stub
13	CURRENTS	c1	c1	c1OUTRO	0	000000	2023-12-31 00:00:00	9999-12-31 00:00:00	1999-01-01 00:00:00	2025-09-01 00:00:00	0	0	0	Stub
14	CURRENTS	c10	c10	c10	0	000000	2023-12-31 00:00:00	9999-12-31 00:00:00	1999-01-01 00:00:00	2025-09-01 00:00:00	0	0	0	Stub
15	CURRENTS	c10	c10	c10OUTRO	0	000000	2023-12-31 00:00:00	9999-12-31 00:00:00	1999-01-01 00:00:00	2025-09-01 00:00:00	0	0	0	Stub
16	CURRENTS	c2	c2	c2	0	000000	2023-12-31 00:00:00	9999-12-31 00:00:00	1999-01-01 00:00:00	2025-09-01 00:00:00	0	0	0	Stub
17	CURRENTS	c2	c2	c2INTRO	0	000000	2023-12-31 00:00:00	9999-12-31 00:00:00	1999-01-01 00:00:00	2025-09-01 00:00:00	0	0	0	Stub
18	CURRENTS	c3	c3	c3	0	000000	2023-12-31 00:00:00	9999-12-31 00:00:00	1999-01-01 00:00:00	2025-09-01 00:00:00	0	0	0	Stub
19	CURRENTS	c3	c3	c3INTRO	0	000000	2023-12-31 00:00:00	9999-12-31 00:00:00	1999-01-01 00:00:00	2025-09-01 00:00:00	0	0	0	Stub
20	CURRENTS	c3	c3	c3OUTRO	0	000000	2023-12-31 00:00:00	9999-12-31 00:00:00	1999-01-01 00:00:00	2025-09-01 00:00:00	0	0	0	Stub
21	CURRENTS	c4	c4	c4	0	000000	2023-12-31 00:00:00	9999-12-31 00:00:00	1999-01-01 00:00:00	2025-09-01 00:00:00	0	0	0	Stub
22	CURRENTS	c4	c4	c4INTRO	0	000000	2023-12-31 00:00:00	9999-12-31 00:00:00	1999-01-01 00:00:00	2025-09-01 00:00:00	0	0	0	Stub
23	CURRENTS	c5	c5	c5	0	000000	2023-12-31 00:00:00	9999-12-31 00:00:00	1999-01-01 00:00:00	2025-09-01 00:00:00	0	0	0	Stub
24	CURRENTS	c5	c5	c5INTRO	0	000000	2023-12-31 00:00:00	9999-12-31 00:00:00	1999-01-01 00:00:00	2025-09-01 00:00:00	0	0	0	Stub
25	CURRENTS	c5	c5	c5OUTRO	0	000000	2023-12-31 00:00:00	9999-12-31 00:00:00	1999-01-01 00:00:00	2025-09-01 00:00:00	0	0	0	Stub
26	CURRENTS	c6	c6	c6	0	000000	2023-12-31 00:00:00	9999-12-31 00:00:00	1999-01-01 00:00:00	2025-09-01 00:00:00	0	0	0	Stub
27	CURRENTS	c6	c6	c6INTRO	0	000000	2023-12-31 00:00:00	9999-12-31 00:00:00	1999-01-01 00:00:00	2025-09-01 00:00:00	0	0	0	Stub
28	CURRENTS	c7	c7	c7	0	000000	2023-12-31 00:00:00	9999-12-31 00:00:00	1999-01-01 00:00:00	2025-09-01 00:00:00	0	0	0	Stub
29	CURRENTS	c7	c7	c7INTRO	0	000000	2023-12-31 00:00:00	9999-12-31 00:00:00	1999-01-01 00:00:00	2025-09-01 00:00:00	0	0	0	Stub
30	CURRENTS	c7	c7	c7OUTRO	0	000000	2023-12-31 00:00:00	9999-12-31 00:00:00	1999-01-01 00:00:00	2025-09-01 00:00:00	0	0	0	Stub
31	CURRENTS	c8	c8	c8	0	000000	2023-12-31 00:00:00	9999-12-31 00:00:00	1999-01-01 00:00:00	2025-09-01 00:00:00	0	0	0	Stub
32	CURRENTS	c8	c8	c8INTRO	0	000000	2023-12-31 00:00:00	9999-12-31 00:00:00	1999-01-01 00:00:00	2025-09-01 00:00:00	0	0	0	Stub
33	CURRENTS	c9	c9	c9	0	000000	2023-12-31 00:00:00	9999-12-31 00:00:00	1999-01-01 00:00:00	2025-09-01 00:00:00	0	0	0	Stub
34	CURRENTS	c9	c9	c9INTRO	0	000000	2023-12-31 00:00:00	9999-12-31 00:00:00	1999-01-01 00:00:00	2025-09-01 00:00:00	0	0	0	Stub
35	CURRENTS	c9	c9	c9OUTRO	0	000000	2023-12-31 00:00:00	9999-12-31 00:00:00	1999-01-01 00:00:00	2025-09-01 00:00:00	0	0	0	Stub
36	DJAM-101-PLAYONCE	djm7	dfm7	djm7	0	000000	2023-12-31 00:00:00	9999-12-31 00:00:00	1999-01-01 00:00:00	2025-09-01 00:00:00	0	0	0	Stub
37	DJAM-102-PLAYONCE	djm8	dfm8	djm8	0	000000	2023-12-31 00:00:00	9999-12-31 00:00:00	1999-01-01 00:00:00	2025-09-01 00:00:00	0	0	0	Stub
38	DJAM-111-PLAYONCE	djm9	dfm9	djm9	0	000000	2023-12-31 00:00:00	9999-12-31 00:00:00	1999-01-01 00:00:00	2025-09-01 00:00:00	0	0	0	Stub
39	DJAM-112-PLAYONCE	djm10	dfm10	djm10	0	000000	2023-12-31 00:00:00	9999-12-31 00:00:00	1999-01-01 00:00:00	2025-09-01 00:00:00	0	0	0	Stub
40	DJAM-71-PLAYONCE	djm1	dfm1	djm1	0	000000	2023-12-31 00:00:00	9999-12-31 00:00:00	1999-01-01 00:00:00	2025-09-01 00:00:00	0	0	0	Stub
41	DJAM-72-PLAYONCE	djm2	dfm2	djm2	0	000000	2023-12-31 00:00:00	9999-12-31 00:00:00	1999-01-01 00:00:00	2025-09-01 00:00:00	0	0	0	Stub
42	DJAM-81-PLAYONCE	djm3	dfm3	djm3	0	000000	2023-12-31 00:00:00	9999-12-31 00:00:00	1999-01-01 00:00:00	2025-09-01 00:00:00	0	0	0	Stub
43	DJAM-82-PLAYONCE	djm4	dfm4	djm4	0	000000	2023-12-31 00:00:00	9999-12-31 00:00:00	1999-01-01 00:00:00	2025-09-01 00:00:00	0	0	0	Stub
44	DJAM-91-PLAYONCE	djm5	dfm5	djm5	0	000000	2023-12-31 00:00:00	9999-12-31 00:00:00	1999-01-01 00:00:00	2025-09-01 00:00:00	0	0	0	Stub
45	DJAM-92-PLAYONCE	djm6	dfm6	djm6	0	000000	2023-12-31 00:00:00	9999-12-31 00:00:00	1999-01-01 00:00:00	2025-09-01 00:00:00	0	0	0	Stub
46	DJPM-121-PLAYONCE	dja1	dfa1	dja1	0	000000	2023-12-31 00:00:00	9999-12-31 00:00:00	1999-01-01 00:00:00	2025-09-01 00:00:00	0	0	0	Stub
47	DJPM-122-PLAYONCE	dja2	dfa2	dja2	0	000000	2023-12-31 00:00:00	9999-12-31 00:00:00	1999-01-01 00:00:00	2025-09-01 00:00:00	0	0	0	Stub
48	DJPM-131-PLAYONCE	dja3	dfa3	dja3	0	000000	2023-12-31 00:00:00	9999-12-31 00:00:00	1999-01-01 00:00:00	2025-09-01 00:00:00	0	0	0	Stub
50	DJPM-141-PLAYONCE	dja5	dfa5	dja5	0	000000	2023-12-31 00:00:00	9999-12-31 00:00:00	1999-01-01 00:00:00	2025-09-01 00:00:00	0	0	0	Stub
52	DJPM-151-PLAYONCE	dja7	dfa7	dja7	0	000000	2023-12-31 00:00:00	9999-12-31 00:00:00	1999-01-01 00:00:00	2025-09-01 00:00:00	0	0	0	Stub
54	DJPM-161-PLAYONCE	dja9	dfa9	dja9	0	000000	2023-12-31 00:00:00	9999-12-31 00:00:00	1999-01-01 00:00:00	2025-09-01 00:00:00	0	0	0	Stub
56	DJPM-172-PLAYONCE	dja11	dfa11	dja11	0	000000	2023-12-31 00:00:00	9999-12-31 00:00:00	1999-01-01 00:00:00	2025-09-01 00:00:00	0	0	0	Stub
58	DJPM-182-PLAYONCE	dja13	dfa13	dja13	0	000000	2023-12-31 00:00:00	9999-12-31 00:00:00	1999-01-01 00:00:00	2025-09-01 00:00:00	0	0	0	Stub
60	IMAGINGID	ia11	ia11	ia11	0	000000	2023-12-31 00:00:00	9999-12-31 00:00:00	1999-01-01 00:00:00	2025-09-01 00:00:00	0	0	0	Stub
62	IMAGINGID	ia13	ia13	ia13	0	000000	2023-12-31 00:00:00	9999-12-31 00:00:00	1999-01-01 00:00:00	2025-09-01 00:00:00	0	0	0	Stub
64	RECURRENTS	r1	r1	r1	0	000000	2023-12-31 00:00:00	9999-12-31 00:00:00	1999-01-01 00:00:00	2025-09-01 00:00:00	0	0	0	Stub
66	RECURRENTS	r3	r3	r3	0	000000	2023-12-31 00:00:00	9999-12-31 00:00:00	1999-01-01 00:00:00	2025-09-01 00:00:00	0	0	0	Stub
68	RECURRENTS	r5	r5	r5	0	000000	2023-12-31 00:00:00	9999-12-31 00:00:00	1999-01-01 00:00:00	2025-09-01 00:00:00	0	0	0	Stub
70	RECURRENTS	r7	r7	r7	0	000000	2023-12-31 00:00:00	9999-12-31 00:00:00	1999-01-01 00:00:00	2025-09-01 00:00:00	0	0	0	Stub
72	RECURRENTS	r9	r9	r9	0	000000	2023-12-31 00:00:00	9999-12-31 00:00:00	1999-01-01 00:00:00	2025-09-01 00:00:00	0	0	0	Stub
49	DJPM-132-PLAYONCE	dja4	dfa4	dja4	0	000000	2023-12-31 00:00:00	9999-12-31 00:00:00	1999-01-01 00:00:00	2025-09-01 00:00:00	0	0	0	Stub
51	DJPM-142-PLAYONCE	dja6	dfa6	dja6	0	000000	2023-12-31 00:00:00	9999-12-31 00:00:00	1999-01-01 00:00:00	2025-09-01 00:00:00	0	0	0	Stub
53	DJPM-152-PLAYONCE	dja8	dfa8	dja8	0	000000	2023-12-31 00:00:00	9999-12-31 00:00:00	1999-01-01 00:00:00	2025-09-01 00:00:00	0	0	0	Stub
55	DJPM-162-PLAYONCE	dja10	dfa10	dja10	0	000000	2023-12-31 00:00:00	9999-12-31 00:00:00	1999-01-01 00:00:00	2025-09-01 00:00:00	0	0	0	Stub
57	DJPM-181-PLAYONCE	dja12	dfa12	dja12	0	000000	2023-12-31 00:00:00	9999-12-31 00:00:00	1999-01-01 00:00:00	2025-09-01 00:00:00	0	0	0	Stub
59	IMAGINGID	ia10	ia10	ia10	0	000000	2023-12-31 00:00:00	9999-12-31 00:00:00	1999-01-01 00:00:00	2025-09-01 00:00:00	0	0	0	Stub
61	IMAGINGID	ia12	ia12	ia12	0	000000	2023-12-31 00:00:00	9999-12-31 00:00:00	1999-01-01 00:00:00	2025-09-01 00:00:00	0	0	0	Stub
63	PROMOS	p1	p1	p1	0	000000	2023-12-31 00:00:00	9999-12-31 00:00:00	1999-01-01 00:00:00	2025-09-01 00:00:00	0	0	0	Stub
65	RECURRENTS	r2	r2	r2	0	000000	2023-12-31 00:00:00	9999-12-31 00:00:00	1999-01-01 00:00:00	2025-09-01 00:00:00	0	0	0	Stub
67	RECURRENTS	r4	r4	r4	0	000000	2023-12-31 00:00:00	9999-12-31 00:00:00	1999-01-01 00:00:00	2025-09-01 00:00:00	0	0	0	Stub
69	RECURRENTS	r6	r6	r6	0	000000	2023-12-31 00:00:00	9999-12-31 00:00:00	1999-01-01 00:00:00	2025-09-01 00:00:00	0	0	0	Stub
71	RECURRENTS	r8	r8	r8	0	000000	2023-12-31 00:00:00	9999-12-31 00:00:00	1999-01-01 00:00:00	2025-09-01 00:00:00	0	0	0	Stub
73	STATIONID	s1	s1	s1	0	000000	2023-12-31 00:00:00	9999-12-31 00:00:00	1999-01-01 00:00:00	2025-09-01 00:00:00	0	0	0	Stub
\.


--
-- Data for Name: schedule; Type: TABLE DATA; Schema: public; Owner: postgres
--

COPY public.schedule (rowid, days, hours, "position", categories, spinstoplay) FROM stdin;
1	VID	00	01	VIDEOSTATIONID	1
2	VID	00	02	VIDEOIMAGINGID	2
3	VID	00	03	VIDEOADDS	1
4	VID	00	04	VIDEO	1
5	MON	00	01	STATIONID	1
6	MON	00	02	ADDSTOH	2
7	MON	00	03	NWS	1
8	MON	00	04	TOP40	3
9	MON	00	05	MUSIC	2
10	MON	00	06	IMAGINGID	1
11	MON	00	07	ROOTS	1
12	MON	00	08	TOP40	1
13	MON	00	09	MUSIC	3
14	MON	00	10	IMAGINGID	1
15	MON	00	11	TOP40	1
16	MON	00	12	ROOTS	1
17	MON	00	13	ADDS	1
18	MON	00	14	MUSIC	3
19	MON	00	15	FILLTOTOH	1
20	MON	01	01	STATIONID	1
21	MON	01	02	ADDSTOH	2
22	MON	01	03	NWS	1
23	MON	04	04	TOP40	3
24	MON	01	05	MUSIC	2
25	MON	01	06	IMAGINGID	1
26	MON	01	07	ROOTS	1
27	MON	01	08	TOP40	1
28	MON	01	09	MUSIC	3
29	MON	01	10	IMAGINGID	1
30	MON	01	11	TOP40	1
31	MON	01	12	ROOTS	1
32	MON	01	13	ADDS	1
33	MON	01	14	MUSIC	3
34	MON	01	15	FILLTOTOH	1
35	MON	02	01	STATIONID	1
36	MON	02	02	ADDSTOH	2
37	MON	02	03	NWS	1
38	MON	02	04	TOP40	3
39	MON	02	05	MUSIC	2
40	MON	02	06	IMAGINGID	1
41	MON	02	07	ROOTS	1
42	MON	02	08	TOP40	1
43	MON	02	09	MUSIC	3
44	MON	02	10	IMAGINGID	1
45	MON	02	11	TOP40	1
46	MON	02	12	ROOTS	1
47	MON	02	13	ADDS	1
48	MON	02	14	MUSIC	3
49	MON	02	15	FILLTOTOH	1
50	MON	03	01	STATIONID	1
51	MON	03	02	ADDSTOH	2
52	MON	03	03	NWS	1
53	MON	03	04	TOP40	3
54	MON	03	05	MUSIC	2
55	MON	03	06	IMAGINGID	1
56	MON	03	07	ROOTS	1
57	MON	03	08	TOP40	1
58	MON	03	09	MUSIC	3
59	MON	03	10	IMAGINGID	1
60	MON	03	11	TOP40	1
61	MON	03	12	ROOTS	1
62	MON	03	13	ADDS	1
63	MON	03	14	MUSIC	3
64	MON	03	15	FILLTOTOH	1
65	MON	04	01	STATIONID	1
66	MON	04	02	ADDSDRIVETIME	2
67	MON	04	03	NWS	1
68	MON	04	04	TOP40	3
69	MON	04	05	MUSIC	2
70	MON	04	06	IMAGINGID	1
71	MON	04	07	ROOTS	1
72	MON	04	08	TOP40	1
73	MON	04	09	MUSIC	3
74	MON	04	10	IMAGINGID	1
75	MON	04	11	TOP40	1
76	MON	04	12	ROOTS	1
77	MON	04	13	ADDS	1
78	MON	04	14	MUSIC	3
79	MON	04	15	FILLTOTOH	1
80	MON	05	01	STATIONID	1
81	MON	05	02	ADDSDRIVETIME	2
82	MON	05	03	NWS	1
83	MON	05	04	TOP40	3
84	MON	05	05	MUSIC	2
85	MON	05	06	IMAGINGID	1
86	MON	05	07	ROOTS	1
87	MON	05	08	TOP40	1
88	MON	05	09	MUSIC	3
89	MON	05	10	IMAGINGID	1
90	MON	05	11	TOP40	1
91	MON	05	12	ROOTS	1
92	MON	05	13	ADDS	1
93	MON	05	14	MUSIC	3
94	MON	05	15	FILLTOTOH	1
95	MON	06	01	STATIONID	1
96	MON	06	02	ADDSDRIVETIME	2
97	MON	06	03	NWS	1
98	MON	06	04	TOP40	3
99	MON	06	05	MUSIC	2
100	MON	06	06	IMAGINGID	1
101	MON	06	07	ROOTS	1
102	MON	06	08	TOP40	1
103	MON	06	09	MUSIC	3
104	MON	06	10	IMAGINGID	1
105	MON	06	11	TOP40	1
106	MON	06	12	ROOTS	1
107	MON	06	13	ADDS	1
108	MON	06	14	MUSIC	3
109	MON	06	15	FILLTOTOH	1
110	MON	07	01	STATIONID	1
111	MON	07	02	ADDSDRIVETIME	2
112	MON	07	03	NWS	1
113	MON	07	04	TOP40	3
114	MON	07	05	MUSIC	2
115	MON	07	06	IMAGINGID	1
116	MON	07	07	ROOTS	1
117	MON	07	08	TOP40	1
118	MON	07	09	MUSIC	3
119	MON	07	10	IMAGINGID	1
120	MON	07	11	TOP40	1
121	MON	07	12	ROOTS	1
122	MON	07	13	ADDS	1
123	MON	07	14	MUSIC	3
124	MON	07	15	FILLTOTOH	1
125	MON	08	01	STATIONID	1
126	MON	08	02	ADDSDRIVETIME	2
127	MON	08	03	NWS	1
128	MON	08	04	TOP40	3
129	MON	08	05	MUSIC	2
130	MON	08	06	IMAGINGID	1
131	MON	08	07	ROOTS	1
132	MON	08	08	TOP40	1
133	MON	08	09	MUSIC	3
134	MON	08	10	IMAGINGID	1
135	MON	08	11	TOP40	1
136	MON	08	12	ROOTS	1
137	MON	08	13	ADDS	1
138	MON	08	14	MUSIC	3
139	MON	08	15	FILLTOTOH	1
140	MON	09	01	STATIONID	1
141	MON	09	02	ADDSDRIVETIME	2
142	MON	09	03	NWS	1
143	MON	09	04	TOP40	3
144	MON	09	05	MUSIC	2
145	MON	09	06	IMAGINGID	1
146	MON	09	07	ROOTS	1
147	MON	09	08	TOP40	1
148	MON	09	09	MUSIC	3
149	MON	09	10	IMAGINGID	1
150	MON	09	11	TOP40	1
151	MON	09	12	ROOTS	1
152	MON	09	13	ADDS	1
153	MON	09	14	MUSIC	3
154	MON	09	15	FILLTOTOH	1
155	MON	10	01	STATIONID	1
156	MON	10	02	ADDSDRIVETIME	2
157	MON	10	03	NWS	1
158	MON	10	04	TOP40	3
159	MON	10	05	MUSIC	2
160	MON	10	06	IMAGINGID	1
161	MON	10	07	ROOTS	1
162	MON	10	08	TOP40	1
163	MON	10	09	MUSIC	2
164	MON	10	10	IMAGINGID	1
165	MON	10	11	TOP40	1
166	MON	10	12	ROOTS	1
167	MON	10	13	ADDS	1
168	MON	10	14	MUSIC	3
169	MON	10	15	FILLTOTOH	1
170	MON	11	01	STATIONID	1
171	MON	11	02	ADDSDRIVETIME	2
172	MON	11	03	NWS	1
173	MON	11	04	TOP40	3
174	MON	11	05	MUSIC	2
175	MON	11	06	IMAGINGID	1
176	MON	11	07	ROOTS	1
177	MON	11	08	TOP40	1
178	MON	11	09	MUSIC	3
179	MON	11	10	IMAGINGID	1
180	MON	11	11	TOP40	1
181	MON	11	12	ROOTS	1
182	MON	11	13	ADDS	1
183	MON	11	14	MUSIC	3
184	MON	11	15	FILLTOTOH	1
185	MON	12	01	STATIONID	1
186	MON	12	02	ADDSDRIVETIME	2
187	MON	12	03	NWS	1
188	MON	12	04	TOP40	3
189	MON	12	05	MUSIC	2
190	MON	12	06	IMAGINGID	1
191	MON	12	07	ROOTS	1
192	MON	12	08	TOP40	1
193	MON	12	09	MUSIC	3
194	MON	12	10	IMAGINGID	1
195	MON	12	11	TOP40	1
196	MON	12	12	ROOTS	1
197	MON	12	13	ADDS	1
198	MON	12	14	MUSIC	3
199	MON	12	15	FILLTOTOH	1
200	MON	13	01	STATIONID	1
201	MON	13	02	ADDSDRIVETIME	2
202	MON	13	03	NWS	1
203	MON	13	04	TOP40	3
204	MON	13	05	MUSIC	2
205	MON	13	06	IMAGINGID	1
206	MON	13	07	ROOTS	1
207	MON	13	08	TOP40	1
208	MON	13	09	MUSIC	3
209	MON	13	10	IMAGINGID	1
210	MON	13	11	TOP40	1
211	MON	13	12	ROOTS	1
212	MON	13	13	ADDS	1
213	MON	13	14	MUSIC	3
214	MON	13	15	FILLTOTOH	1
215	MON	14	01	STATIONID	1
216	MON	14	02	ADDSTOH	2
217	MON	14	03	NWS	1
218	MON	14	04	TOP40	3
219	MON	14	05	MUSIC	2
220	MON	14	06	IMAGINGID	1
221	MON	14	07	ROOTS	1
222	MON	14	08	TOP40	1
223	MON	14	09	MUSIC	3
224	MON	14	10	IMAGINGID	1
225	MON	14	11	TOP40	1
226	MON	14	12	ROOTS	1
227	MON	14	13	ADDS	1
228	MON	14	14	MUSIC	3
229	MON	14	15	FILLTOTOH	1
230	MON	15	01	STATIONID	1
231	MON	15	02	ADDSTOH	2
232	MON	15	03	NWS	1
233	MON	15	04	TOP40	3
234	MON	15	05	MUSIC	2
235	MON	15	06	IMAGINGID	1
236	MON	15	07	ROOTS	1
237	MON	15	08	TOP40	1
238	MON	15	09	MUSIC	3
239	MON	15	10	IMAGINGID	1
240	MON	15	11	TOP40	1
241	MON	15	12	ROOTS	1
242	MON	15	13	ADDS	1
243	MON	15	14	MUSIC	3
244	MON	15	15	FILLTOTOH	1
245	MON	16	01	STATIONID	1
246	MON	16	02	ADDSDRIVETIME	2
247	MON	16	03	NWS	1
248	MON	16	04	TOP40	3
249	MON	16	05	MUSIC	2
250	MON	16	06	IMAGINGID	1
251	MON	16	07	ROOTS	1
252	MON	16	08	TOP40	1
253	MON	16	09	MUSIC	3
254	MON	16	10	IMAGINGID	1
255	MON	16	11	TOP40	1
256	MON	16	12	ROOTS	1
257	MON	16	13	ADDS	1
258	MON	16	14	MUSIC	3
259	MON	16	15	FILLTOTOH	1
260	MON	17	01	STATIONID	1
261	MON	17	02	ADDSDRIVETIME	2
262	MON	17	03	NWS	1
263	MON	17	04	TOP40	3
264	MON	17	05	MUSIC	2
265	MON	17	06	IMAGINGID	1
266	MON	17	07	ROOTS	1
267	MON	17	08	TOP40	1
268	MON	17	09	MUSIC	3
269	MON	17	10	IMAGINGID	1
270	MON	17	11	TOP40	1
271	MON	17	12	ROOTS	1
272	MON	17	13	ADDS	1
273	MON	17	14	MUSIC	3
274	MON	17	15	FILLTOTOH	1
275	MON	18	01	STATIONID	1
276	MON	18	02	ADDSDRIVETIME	2
277	MON	18	03	NWS	1
278	MON	18	04	TOP40	3
279	MON	18	05	MUSIC	2
280	MON	18	06	IMAGINGID	1
281	MON	18	07	ROOTS	1
282	MON	18	08	TOP40	1
283	MON	18	09	MUSIC	3
284	MON	18	10	IMAGINGID	1
285	MON	18	11	TOP40	1
286	MON	18	12	ROOTS	1
287	MON	18	13	ADDS	1
288	MON	18	14	MUSIC	3
289	MON	18	15	FILLTOTOH	1
290	MON	19	01	STATIONID	1
291	MON	19	02	ADDSTOH	2
292	MON	19	03	NWS	1
293	MON	19	04	TOP40	3
294	MON	19	05	MUSIC	2
295	MON	19	06	IMAGINGID	1
296	MON	19	07	ROOTS	1
297	MON	19	08	TOP40	1
298	MON	19	09	MUSIC	3
299	MON	19	10	IMAGINGID	1
300	MON	19	11	TOP40	1
301	MON	19	12	ROOTS	1
302	MON	19	13	ADDS	1
303	MON	19	14	MUSIC	3
304	MON	19	15	FILLTOTOH	1
305	MON	20	01	STATIONID	1
306	MON	20	02	ADDSTOH	2
307	MON	20	03	NWS	1
308	MON	20	04	TOP40	3
309	MON	20	05	MUSIC	2
310	MON	20	06	IMAGINGID	1
311	MON	20	07	ROOTS	1
312	MON	20	08	TOP40	1
313	MON	20	09	MUSIC	3
314	MON	20	10	IMAGINGID	1
315	MON	20	11	TOP40	1
316	MON	20	12	ROOTS	1
317	MON	20	13	ADDS	1
318	MON	20	14	MUSIC	3
319	MON	20	15	FILLTOTOH	1
320	MON	21	01	STATIONID	1
321	MON	21	02	ADDSTOH	2
322	MON	21	03	NWS	1
323	MON	21	04	TOP40	3
324	MON	21	05	MUSIC	2
325	MON	21	06	IMAGINGID	1
326	MON	21	07	ROOTS	1
327	MON	21	08	TOP40	1
328	MON	21	09	MUSIC	3
329	MON	21	10	IMAGINGID	1
330	MON	21	11	TOP40	1
331	MON	21	12	ROOTS	1
332	MON	21	13	ADDS	1
333	MON	21	14	MUSIC	3
334	MON	21	15	FILLTOTOH	1
335	MON	22	01	STATIONID	1
336	MON	22	02	ADDSTOH	2
337	MON	22	03	NWS	1
338	MON	22	04	TOP40	3
339	MON	22	05	MUSIC	2
340	MON	22	06	IMAGINGID	1
341	MON	22	07	ROOTS	1
342	MON	22	08	TOP40	1
343	MON	22	09	MUSIC	3
344	MON	22	10	IMAGINGID	1
345	MON	22	11	TOP40	1
346	MON	22	12	ROOTS	1
347	MON	22	13	ADDS	1
348	MON	22	14	MUSIC	3
349	MON	22	15	FILLTOTOH	1
350	MON	23	01	STATIONID	1
351	MON	23	02	ADDSTOH	2
352	MON	23	03	NWS	1
353	MON	23	04	TOP40	3
354	MON	23	05	MUSIC	2
355	MON	23	06	IMAGINGID	1
356	MON	23	07	ROOTS	1
357	MON	23	08	TOP40	1
358	MON	23	09	MUSIC	3
359	MON	23	10	IMAGINGID	1
360	MON	23	11	TOP40	1
361	MON	23	12	ROOTS	1
362	MON	23	13	ADDS	1
363	MON	23	14	MUSIC	3
364	MON	23	15	FILLTOTOH	1
\.


--
-- Data for Name: traffic; Type: TABLE DATA; Schema: public; Owner: postgres
--

COPY public.traffic (rowid, artist, song, album, playedon) FROM stdin;
\.


--
-- Name: categories_rowid_seq; Type: SEQUENCE SET; Schema: public; Owner: postgres
--

SELECT pg_catalog.setval('public.categories_rowid_seq', 17, true);


--
-- Name: days_rowid_seq; Type: SEQUENCE SET; Schema: public; Owner: postgres
--

SELECT pg_catalog.setval('public.days_rowid_seq', 7, true);


--
-- Name: hours_rowid_seq; Type: SEQUENCE SET; Schema: public; Owner: postgres
--

SELECT pg_catalog.setval('public.hours_rowid_seq', 24, true);


--
-- Name: inventory_rowid_seq; Type: SEQUENCE SET; Schema: public; Owner: postgres
--

SELECT pg_catalog.setval('public.inventory_rowid_seq', 73, true);


--
-- Name: schedule_rowid_seq; Type: SEQUENCE SET; Schema: public; Owner: postgres
--

SELECT pg_catalog.setval('public.schedule_rowid_seq', 364, true);


--
-- Name: traffic_rowid_seq; Type: SEQUENCE SET; Schema: public; Owner: postgres
--

SELECT pg_catalog.setval('public.traffic_rowid_seq', 1, false);


--
-- Name: categories categories_pkey; Type: CONSTRAINT; Schema: public; Owner: postgres
--

ALTER TABLE ONLY public.categories
    ADD CONSTRAINT categories_pkey PRIMARY KEY (rowid);


--
-- Name: days days_pkey; Type: CONSTRAINT; Schema: public; Owner: postgres
--

ALTER TABLE ONLY public.days
    ADD CONSTRAINT days_pkey PRIMARY KEY (rowid);


--
-- Name: hours hours_pkey; Type: CONSTRAINT; Schema: public; Owner: postgres
--

ALTER TABLE ONLY public.hours
    ADD CONSTRAINT hours_pkey PRIMARY KEY (rowid);


--
-- Name: inventory inventory_pkey; Type: CONSTRAINT; Schema: public; Owner: postgres
--

ALTER TABLE ONLY public.inventory
    ADD CONSTRAINT inventory_pkey PRIMARY KEY (rowid);


--
-- Name: schedule schedule_pkey; Type: CONSTRAINT; Schema: public; Owner: postgres
--

ALTER TABLE ONLY public.schedule
    ADD CONSTRAINT schedule_pkey PRIMARY KEY (rowid);


--
-- Name: traffic traffic_pkey; Type: CONSTRAINT; Schema: public; Owner: postgres
--

ALTER TABLE ONLY public.traffic
    ADD CONSTRAINT traffic_pkey PRIMARY KEY (rowid);


--
-- Name: categoriesindex; Type: INDEX; Schema: public; Owner: postgres
--

CREATE INDEX categoriesindex ON public.categories USING btree (id);


--
-- Name: dayindex; Type: INDEX; Schema: public; Owner: postgres
--

CREATE INDEX dayindex ON public.days USING btree (dayofweek);


--
-- Name: hoursindex; Type: INDEX; Schema: public; Owner: postgres
--

CREATE INDEX hoursindex ON public.hours USING btree (id);


--
-- Name: inventorybyartist; Type: INDEX; Schema: public; Owner: postgres
--

CREATE INDEX inventorybyartist ON public.inventory USING btree (artist, song);


--
-- Name: inventorybycategorysong; Type: INDEX; Schema: public; Owner: postgres
--

CREATE INDEX inventorybycategorysong ON public.inventory USING btree (category, song);


--
-- Name: inventoryplayget; Type: INDEX; Schema: public; Owner: postgres
--

CREATE INDEX inventoryplayget ON public.inventory USING btree (category, lastplayed, rndorder);


--
-- Name: scheduleindex; Type: INDEX; Schema: public; Owner: postgres
--

CREATE INDEX scheduleindex ON public.schedule USING btree (days, hours, "position");


--
-- Name: trafficbyartist; Type: INDEX; Schema: public; Owner: postgres
--

CREATE INDEX trafficbyartist ON public.traffic USING btree (artist, song, album);


--
-- PostgreSQL database dump complete
--

